"pi.est","pi.est.se","pi.est.05","pi.est.95","N","Diff"
3.4,0.142828568570857,3.12005600560112,3.67994399439888,100,0.258407346410207
3.17333333333333,0.132244442577345,2.91413422588174,3.43253244078493,150,0.0317406797435402
3.06,0.11992497654784,2.82494704596623,3.29505295403377,200,0.0815926535897931
3.232,0.0996428823348662,3.03669995062366,3.42730004937634,250,0.0904073464102071
3.12,0.0956660859448112,2.93249447154817,3.30750552845183,300,0.021592653589793
3.08571428571429,0.0897810748399511,2.90974337902798,3.26168519240059,350,0.0558783678755073
3.1,0.0835164654424503,2.9363077277328,3.2636922722672,400,0.041592653589793
3.20888888888889,0.0751086273239705,3.06167597933391,3.35610179844387,450,0.0672962352990956
3.24,0.0701769192826245,3.10245323820606,3.37754676179394,500,0.0984073464102071
3.19272727272727,0.0684557143227724,3.05855407265464,3.32690047279991,550,0.0511346191374797
3.22666666666667,0.0644888735737787,3.10026847446206,3.35306485887127,600,0.0850740130768735
3.19384615384615,0.0629374703232288,3.07048871201263,3.31720359567968,650,0.0522535002563607
3.21714285714286,0.0599828935769682,3.099576385732,3.33470932855371,700,0.075550203553064
3.09866666666667,0.0610238374796337,2.97905994520658,3.21827338812675,750,0.0429259869231267
3.19,0.0568319892314179,3.07860930110642,3.30139069889358,800,0.0484073464102068
3.18117647058824,0.0553578959278909,3.07267499456957,3.2896779466069,850,0.0395838169984422
3.10222222222222,0.0556287912349902,2.99318979140164,3.2112546530428,900,0.0393704313675709
3.21263157894737,0.0516009450519293,3.11149372664559,3.31376943124915,950,0.0710389253575752
3.168,0.0513398091153444,3.06737397413392,3.26862602586608,1000,0.026407346410207
3.04761904761905,0.0525764235689413,2.94456925742392,3.15066883781417,1050,0.0939736059707457
3.10545454545455,0.050253631690871,3.00695742734044,3.20395166356865,1100,0.0361381081352476
3.04695652173913,0.0502505205821003,2.94846550139821,3.14544754208005,1150,0.0946361318506628
3.17333333333333,0.0467554710603377,3.08169261005507,3.2649740566116,1200,0.0317406797435402
3.1456,0.0463689606525745,3.05471683712095,3.23648316287905,1250,0.00400734641020684
3.16307692307692,0.0451259099290821,3.07463013961592,3.25152370653792,1300,0.02148426948713
3.12296296296296,0.0450428124229929,3.0346790506139,3.21124687531203,1350,0.0186296906268302
3.09428571428571,0.0447416295085317,3.00659212044899,3.18197930812244,1400,0.0473069393040788
3.15310344827586,0.0429141278688139,3.06899175765299,3.23721513889874,1450,0.0115107946860689
3.10133333333333,0.0431050259164666,3.01684748253706,3.18581918412961,1500,0.0402593202564598
3.12774193548387,0.0419538773397575,3.04551233589795,3.2099715350698,1550,0.013850718105922
3.185,0.0402785225026937,3.10605409589472,3.26394590410528,1600,0.0434073464102069
3.12969696969697,0.0406297752934775,3.05006261012175,3.20933132927219,1650,0.0118956838928233
3.12,0.0401877944596293,3.04123192285913,3.19876807714087,1700,0.021592653589793
3.184,0.0385312044229831,3.10847883933095,3.25952116066905,1750,0.042407346410207
3.12888888888889,0.0389130788963129,3.05261925425212,3.20515852352566,1800,0.0127037647009041
3.11351351351351,0.0386256297436482,3.03780727921596,3.18921974781106,1850,0.0280791400762794
3.11578947368421,0.0380789612475495,3.04115470963901,3.19042423772941,1900,0.0258031799055827
3.11179487179487,0.0376482516572347,3.03800429854669,3.18558544504305,1950,0.0297977817949215
3.116,0.0371116154323683,3.04326123375256,3.18873876624744,2000,0.025592653589793
3.1590243902439,0.0359990681642256,3.08846621664202,3.22958256384578,2050,0.0174317366541095
3.20952380952381,0.034758021713357,3.14139808696563,3.27764953208199,2100,0.0679311559340166
3.11255813953488,0.035843421673736,3.04230503305436,3.18281124601541,2150,0.0290345140549095
3.19818181818182,0.0341411530572876,3.13126515818953,3.2650984781741,2200,0.0565891645920251
3.15733333333333,0.0343872040513493,3.08993441339269,3.22473225327398,2250,0.0157406797435402
3.10434782608696,0.0347689008905636,3.03620078034145,3.17249487183246,2300,0.0372448275028368
3.10978723404255,0.0343224527663197,3.04251522662057,3.17705924146454,2350,0.0318054195472399
3.1,0.0340954542424646,3.03317290968477,3.16682709031523,2400,0.041592653589793
3.10204081632653,0.0337185592881655,3.03595244012173,3.16812919253133,2450,0.0395518372632626
3.12,0.0331397042835328,3.05504617960428,3.18495382039572,2500,0.021592653589793
3.16705882352941,0.0321636361617579,3.10401809665237,3.23009955040646,2550,0.0254661699396186
3.21230769230769,0.0311960923290796,3.1511633513427,3.27345203327269,2600,0.070715038717899
3.13509433962264,0.0319879743922538,3.07239790981382,3.19779076943146,2650,0.0064983139671515
3.11259259259259,0.0319845895932313,3.04990279698986,3.17528238819533,2700,0.0290000609972005
3.14909090909091,0.0312153230591797,3.08790887589492,3.2102729422869,2750,0.00749825550111582
3.13,0.0311855048746323,3.06887641044572,3.19112358955428,2800,0.0115926535897932
3.14245614035088,0.0307496624849517,3.08218680188037,3.20272547882138,2850,0.000863486761084165
3.10620689655172,0.0309410245579721,3.0455624884181,3.16685130468535,2900,0.0353857570380689
3.14440677966102,0.0301989623947124,3.08521681336738,3.20359674595465,2950,0.002814126071224
3.136,0.0300527536175972,3.07709660290951,3.19490339709049,3000,0.005592653589793
3.18426229508197,0.0291829886246192,3.12706363737771,3.24146095278622,3050,0.0426696414921741
3.16903225806452,0.029145705042992,3.11190667618025,3.22615783994878,3100,0.0274396044747229
3.13904761904762,0.029290935384989,3.08163738569304,3.1964578524022,3150,0.00254503454217403
3.11,0.0294103510689689,3.05235571190482,3.16764428809518,3200,0.0315926535897932
3.12615384615385,0.0289921873550201,3.06932915893801,3.18297853336969,3250,0.0154388074359471
3.17333333333333,0.0281946098915383,3.11807189794592,3.22859476872075,3300,0.0317406797435402
3.15701492537313,0.0281855073506946,3.10177133096577,3.2122585197805,3350,0.0154222717833412
3.11176470588235,0.0285120162426627,3.05588115404673,3.16764825771797,3400,0.0298279477074401
3.19188405797101,0.0273432947155216,3.13829120032859,3.24547691561344,3450,0.0502914043812215
3.13028571428571,0.0278898558316288,3.07562159685572,3.18494983171571,3500,0.0113069393040788
3.1312676056338,0.0276814556547737,3.07701195255045,3.18552325871716,3550,0.0103250479559902
3.08,0.0280555005500011,3.025011218922,3.134988781078,3600,0.061592653589793
3.14082191780822,0.0271904765350855,3.08752858379945,3.19411525181699,3650,0.00077073578157405
3.10594594594595,0.0273954206305702,3.05225092151003,3.15964097038186,3700,0.0356467076438474
3.19146666666667,0.0262318238391067,3.14005229194202,3.24288104139132,3750,0.0498740130768733
3.17157894736842,0.0262949002964608,3.12004094278736,3.22311695194948,3800,0.0299862937786277
3.09714285714286,0.0269500622894994,3.04432073505544,3.14996497923028,3850,0.0444497964469361
3.16820512820513,0.0259945594822398,3.11725579161994,3.21915446479032,3900,0.0266124746153351
3.12101265822785,0.0263536350630456,3.06935953350428,3.17266578295142,3950,0.020579995361945
3.124,0.0261563758957544,3.07273350324432,3.17526649675568,4000,0.017592653589793
3.17135802469136,0.0254729116736509,3.121431117811,3.22128493157171,4050,0.0297653711015649
3.17073170731707,0.0253241775417574,3.12109631933523,3.22036709529892,4100,0.0291390537272802
3.12963855421687,0.0256196307302321,3.07942407798561,3.17985303044812,4150,0.0119540993729257
3.1552380952381,0.0251917642594269,3.10586223728962,3.20461395318657,4200,0.0136454416483023
3.14917647058824,0.0251086741020678,3.09996346934818,3.19838947182829,4250,0.00758381699844213
3.14046511627907,0.0250550060845229,3.09135730435341,3.18957292820473,4300,0.00112753731072335
3.17149425287356,0.0245773525106581,3.12332264195267,3.21966586379445,4350,0.0299015992837699
3.11454545454545,0.025035376922885,3.0654761157766,3.16361479331431,4400,0.0270471990443384
3.14696629213483,0.0245611748278213,3.0988263894723,3.19510619479736,4450,0.00537363854503825
3.09422222222222,0.0249563072784553,3.04530785995645,3.14313658448799,4500,0.0473704313675709
3.13406593406593,0.0244225371380984,3.08619776127526,3.18193410685661,4550,0.00752671952385908
3.16347826086957,0.0239851327886216,3.11646740060387,3.21048912113526,4600,0.021885607279772
3.13204301075269,0.0241788969651823,3.08465237270093,3.17943364880445,4650,0.00954964283710513
3.19063829787234,0.0234401929937214,3.14469551960465,3.23658107614003,4700,0.0490456442825473
3.11578947368421,0.0240832496951086,3.0685863042818,3.16299264308662,4750,0.0258031799055827
3.15166666666667,0.0236011294260505,3.10540845299161,3.19792488034173,4800,0.0100740130768737
3.13567010309278,0.0236392710867669,3.08933713176272,3.18200307442285,4850,0.00592255049700974
3.11591836734694,0.0237105255083301,3.06944573735061,3.16239099734327,4900,0.0256742862428543
3.15878787878788,0.0231691655594689,3.11337631429132,3.20419944328444,4950,0.0171952251980856
3.1952,0.0226781699438028,3.15075078691015,3.23964921308985,5000,0.0536073464102067
3.15089108910891,0.0230172113863066,3.10577735479175,3.19600482342607,5050,0.00929843551911791
3.10117647058824,0.0233784314064072,3.05535474503168,3.14699819614479,5100,0.0404161830015579
3.13708737864078,0.0229267821229194,3.09215088567985,3.1820238716017,5150,0.00450527494901642
3.14923076923077,0.0226989860797504,3.10474075651446,3.19372078194708,5200,0.00763811564097594
3.12152380952381,0.0228543393594394,3.07672930437931,3.16631831466831,5250,0.0200688440659835
3.10490566037736,0.0228992192404848,3.06002319066601,3.14978813008871,5300,0.0366869932124345
3.13869158878505,0.0224789890085556,3.09463277032828,3.18275040724182,5350,0.0029010648047465
3.18296296296296,0.021945212201441,3.13995034704814,3.22597557887779,5400,0.0413703093731699
3.10825688073394,0.0225517414706464,3.06405546745148,3.15245829401641,5450,0.0333357728558483
3.16363636363636,0.0219335791268388,3.12064654854776,3.20662617872497,5500,0.0220437100465705
3.16324324324324,0.0218383296272796,3.12044011717378,3.20604636931271,5550,0.0216505896534502
3.14785714285714,0.0218861664544061,3.10496025660651,3.19075402910778,5600,0.00626448926734957
3.16743362831858,0.0216042388641096,3.12508932014493,3.20977793649224,5650,0.0258409747287911
3.1340350877193,0.0218204974448478,3.0912669127274,3.1768032627112,5700,0.00755756587049472
3.07686956521739,0.0222255314975662,3.03330752348216,3.12043160695262,5750,0.0647230883724017
3.15379310344828,0.0214506710546715,3.11174978818112,3.19583641871543,5800,0.0122004498584829
3.12478632478632,0.0216216721112033,3.08240784744837,3.16716480212428,5850,0.0168063288034683
3.15593220338983,0.0212484126672006,3.11428531456212,3.19757909221754,5900,0.0143395498000376
3.14352941176471,0.0212719110345946,3.1018364661369,3.18522235739251,5950,0.00193675817491279
3.142,0.0211968393870407,3.1004541948014,3.1835458051986,6000,0.000407346410206788
3.15305785123967,0.0210094728406122,3.11187928447207,3.19423641800727,6050,0.0114651976498763
3.15344262295082,0.0209197142708457,3.11243998297996,3.19444526292168,6100,0.0118499693610263
3.15707317073171,0.020801741943838,3.11630175652179,3.19784458494163,6150,0.0154805171419143
3.13741935483871,0.0208924944511964,3.09647006571436,3.17836864396305,6200,0.00417329875108363
3.12128,0.0209484363582583,3.08022106473781,3.16233893526219,6250,0.0203126535897931
3.15238095238095,0.0205944134071754,3.11201590210289,3.19274600265902,6300,0.0107882987911592
3.11055118110236,0.0208733566910432,3.06963940198792,3.15146296021681,6350,0.0310414724874311
3.155,0.0204097671165058,3.11499685645165,3.19500314354835,6400,0.0134073464102067
3.15038759689922,0.0203710098652546,3.11046041756333,3.19031477623512,6450,0.00879494330943187
3.16061538461538,0.0202027108957573,3.1210180712597,3.20021269797107,6500,0.0190227310255917
3.14503816793893,0.0202612238010941,3.10532616928879,3.18475016658908,6550,0.00344551434913809
3.16060606060606,0.0200491576641789,3.12130971158427,3.19990240962785,6600,0.0190134070162675
3.14105263157895,0.0201423464147737,3.10157363260599,3.1805316305519,6650,0.000540022010845576
3.16776119402985,0.0198363972479582,3.12888185542385,3.20664053263585,6700,0.0261685404400578
3.12651851851852,0.0201143251971945,3.08709444113202,3.16594259590502,6750,0.0150741350712744
3.12705882352941,0.0200357709826278,3.08778871240346,3.16632893465536,6800,0.0145338300603814
3.11065693430657,0.0200962689433103,3.07126824717768,3.15004562143546,6850,0.0309357192832236
3.13449275362319,0.0198287092111942,3.09562848356925,3.17335702367713,6900,0.00709989996660454
3.1263309352518,0.0198243314793606,3.08747524555225,3.16518662495135,6950,0.0152617183379946
3.136,0.0196741454706424,3.09743867487754,3.17456132512246,7000,0.005592653589793
3.13475177304965,0.0196145061877003,3.09630734092175,3.17319620517754,7050,0.00684088054014786
3.16901408450704,0.0192588230017271,3.13126679142366,3.20676137759043,7100,0.0274214309172494
3.13118881118881,0.0195058243890556,3.09295739538626,3.16942022699136,7150,0.010403842400982
3.12277777777778,0.0195055905865202,3.0845468202282,3.16100873532736,7200,0.0188148758120152
3.14427586206897,0.0192645207266026,3.10651740144482,3.18203432269311,7250,0.00268320847917236
3.13753424657534,0.0192532361196201,3.09979790378089,3.1752705893698,7300,0.0040584070144507
3.17278911564626,0.0188966602175384,3.13575166161988,3.20982656967263,7350,0.0311964620564655
3.13783783783784,0.0191202632529673,3.10036212186202,3.17531355381365,7400,0.00375481575195513
3.16241610738255,0.018855824561809,3.1254586912414,3.1993735235237,7450,0.0208234537927572
3.1648,0.0187731757569144,3.12800457551645,3.20159542448355,7500,0.0232073464102069
3.12794701986755,0.0190076161813348,3.09069209215213,3.16520194758297,7550,0.0136456337222435
3.13631578947368,0.0188790695389616,3.09931281317732,3.17331876577005,7600,0.00527686411610873
3.15294117647059,0.0186846084768844,3.11631934385589,3.18956300908528,7650,0.011348522880795
3.15428571428571,0.0186130260552801,3.11780418321737,3.19076724535406,7700,0.0126930606959212
3.11845161290323,0.0188339637943185,3.08153704386636,3.15536618194009,7750,0.0231410406865673
3.14051282051282,0.0186025587785242,3.10405180530691,3.17697383571873,7800,0.00107983307697257
3.14700636942675,0.0184921273953104,3.11076179973194,3.18325093912156,7850,0.00541371583695849
3.12455696202532,0.01860778263462,3.08808570806146,3.16102821598917,7900,0.0170356915644767
3.14415094339623,0.0183978349106474,3.10809118697136,3.1802106998211,7950,0.00255828980643313
3.132,0.0184342615800037,3.09586884730319,3.16813115269681,8000,0.009592653589793
3.16968944099379,0.0180813435012691,3.1342500077313,3.20512887425628,8050,0.0280967874039959
3.1441975308642,0.0182263274859534,3.10847392899173,3.17992113273667,8100,0.0026048772744045
3.12245398773006,0.0183359817417282,3.08651546351627,3.15839251194385,8150,0.0191386658597317
3.17121951219512,0.0179030071539073,3.13612961817346,3.20630940621678,8200,0.029626858605329
3.14036363636364,0.0180892426658883,3.1049087207385,3.17581855198878,8250,0.00122901722615687
3.15036144578313,0.0179580117504921,3.11516374275217,3.1855591488141,8300,0.00876879219333926
3.14155688622754,0.0179715272994209,3.10633269272068,3.17678107973441,8350,3.57673622484178e-05
3.11142857142857,0.0181420536540705,3.07587014626659,3.14698699659055,8400,0.0301640821612219
3.15029585798817,0.0177984090742236,3.11541097620269,3.18518073977364,8450,0.00870320439837258
3.14917647058824,0.0177545137241752,3.11437762368885,3.18397531748762,8500,0.00758381699844213
3.14666666666667,0.0177215485032072,3.11193243160038,3.18140090173295,8550,0.00507401307687338
3.14790697674419,0.0176605906454667,3.11329221907907,3.1825217344093,8600,0.00631432315439273
3.15329479768786,0.0175687291483309,3.11886008855713,3.18772950681859,8650,0.0117021440980682
3.14896551724138,0.0175508399124105,3.11456587101305,3.1833651634697,8700,0.0073728636515864
3.13828571428571,0.0175802019577318,3.10382851844856,3.17274291012287,8750,0.00330693930407877
3.15909090909091,0.0173745773802847,3.12503673742555,3.19314508075627,8800,0.0174982555011161
3.14666666666667,0.0174185937264582,3.11252622296281,3.18080711037052,8850,0.00507401307687338
3.08898876404494,0.0177817716025156,3.05413649170401,3.12384103638587,8900,0.0526038895448493
3.16111731843575,0.0172131123620207,3.12737961820619,3.19485501866531,8950,0.019524664845961
3.14888888888889,0.0172564136900769,3.11506631805634,3.18271145972144,9000,0.00729623529909595
3.15889502762431,0.0171343805294155,3.12531164178665,3.19247841346196,9050,0.0173023740345162
3.15296703296703,0.0171312548403678,3.11938977347991,3.18654429245415,9100,0.0113743793772398
3.14098360655738,0.0171720843790125,3.10732632117451,3.17464089194024,9150,0.000609047032416044
3.14478260869565,0.0170977775660667,3.11127096466616,3.17829425272514,9200,0.00318995510585918
3.18227027027027,0.0167726837383757,3.14939581014305,3.21514473039749,9250,0.040677616680477
3.12860215053763,0.0171215050143726,3.09504400070946,3.1621603003658,9300,0.0129905030521589
3.1516577540107,0.0169102203618813,3.11851372210141,3.18480178591998,9350,0.0100651004209023
3.16468085106383,0.0167697756083302,3.1318120908715,3.19754961125616,9400,0.0230881974740367
3.15640211640212,0.0167860301743394,3.12350149726041,3.18930273554382,9450,0.0148094628123232
3.13389473684211,0.0169030757891225,3.10076470829543,3.16702476538879,9500,0.00769791674768783
3.13298429319372,0.0168651770832647,3.09992854611052,3.16604004027692,9550,0.00860836039607582
3.12666666666667,0.0168653436020383,3.09361059320667,3.15972274012666,9600,0.0149259869231266
3.14984455958549,0.016658276782639,3.11719433709152,3.18249478207946,9650,0.00825190599569892
3.13113402061856,0.0167471672551537,3.09830957279846,3.16395846843866,9700,0.0104586329712366
3.15692307692308,0.0165220256847169,3.12453990658103,3.18930624726512,9750,0.0153304233332836
3.16244897959184,0.0164400964849132,3.13022639048141,3.19467156870227,9800,0.0208563260020438
3.12406091370558,0.0166678116562755,3.09139200285928,3.15672982455188,9850,0.0175317398842094
3.16808080808081,0.0163162781264084,3.13610090295305,3.20006071320857,9900,0.0264881544910152
3.15457286432161,0.0163718151637502,3.12248410660066,3.18666162204256,9950,0.0129802107318149
3.122,0.0165563160153459,3.08954962060992,3.15445037939008,10000,0.0195926535897932
3.16497512437811,0.0162163020966425,3.13319117226869,3.19675907648753,10050,0.0233824707883161
3.14415841584158,0.0163225577963667,3.11216620256071,3.17615062912246,10100,0.00256576225179117
3.13103448275862,0.0163723935580236,3.09894459138489,3.16312437413235,10150,0.0105581708311724
3.17490196078431,0.0160257310944703,3.14349152783915,3.20631239372948,10200,0.0333093071945205
3.1430243902439,0.0162104911627416,3.11125182756493,3.17479695292288,10250,0.00143173665410945
3.11378640776699,0.0163679767800182,3.08170517327815,3.14586764225583,10300,0.027806245822803
3.13159420289855,0.0162096606251116,3.09982326807333,3.16336513772377,10350,0.0099984506912425
3.12961538461538,0.0161839458760604,3.09789485069831,3.16133591853246,10400,0.0119772689744084
3.14564593301435,0.0160367263783699,3.11421394931275,3.17707791671596,10450,0.00405327942456113
3.11885714285714,0.0161780530168778,3.08714815894406,3.15056612677022,10500,0.0227355107326503
3.14123222748815,0.0159904859241153,3.10989087507689,3.17257357989942,10550,0.000360426101641664
3.13509433962264,0.0159939871961269,3.10374612471823,3.16644255452705,10600,0.0064983139671515
3.14704225352113,0.0158759689915712,3.11592535429765,3.17815915274461,10650,0.00544959993133354
3.15028037383178,0.0158168697990747,3.11927930902559,3.18128143863796,10700,0.00868772024198261
3.11813953488372,0.0159934986225291,3.08679227758356,3.14948679218388,10750,0.023453118706072
3.14925925925926,0.0157503767003948,3.11838852092649,3.18012999759203,10800,0.00766660566946609
3.14101382488479,0.0157693263809498,3.11010594517813,3.17192170459145,10850,0.000578828705000589
3.1251376146789,0.0158376665991532,3.09409578814456,3.15617944121324,10900,0.0164550389108942
3.12949771689498,0.0157730331905455,3.09858257184151,3.16041286194845,10950,0.0120949366948158
3.16436363636364,0.0155044196699289,3.13397497381058,3.1947522989167,11000,0.0227709827738432
3.12253393665158,0.0157466294923046,3.09167054284667,3.1533973304565,11050,0.0190587169382095
3.15351351351351,0.0155076458159034,3.12311852771434,3.18390849931268,11100,0.0119208599237206
3.12789237668161,0.015641323865109,3.097235381906,3.15854937145723,11150,0.0137002769081787
3.14321428571429,0.0155065110084522,3.11282152413772,3.17360704729085,11200,0.0016216321244924
3.14453333333333,0.0154633428867942,3.11422518127522,3.17484148539145,11250,0.00294067974354029
3.1553982300885,0.0153572643728771,3.12529799191766,3.18549846825933,11300,0.0138055764987026
3.135859030837,0.0154515706743805,3.10557395231522,3.16614410935879,11350,0.00573362275278866
3.17473684210526,0.0151599465113871,3.14502334694294,3.20445033726758,11400,0.03314418851547
3.10602620087336,0.015572638761291,3.07550382890123,3.13654857284549,11450,0.0355664527164308
3.13182608695652,0.0153763503016375,3.10168844036531,3.16196373354773,11500,0.00976656663327136
3.12935064935065,0.015358816892824,3.09924736824071,3.15945393046058,11550,0.0122420042391438
3.13448275862069,0.0152929690583625,3.1045085392663,3.16445697797508,11600,0.00710989496910353
3.13888412017167,0.015231949032054,3.10902950006885,3.1687387402745,11650,0.00270853341811916
3.15760683760684,0.0150779921398051,3.12805397301282,3.18715970220086,11700,0.0160141840170445
3.168,0.0149773616402265,3.13864437118516,3.19735562881484,11750,0.026407346410207
3.11389830508475,0.0152916022315378,3.08392676471093,3.14386984545856,11800,0.0276943485050474
3.17839662447257,0.0148448556076207,3.14930070748164,3.20749254146351,11850,0.0368039708827808
3.15495798319328,0.0149679547253573,3.12562079193158,3.18429517445498,11900,0.0133653296034844
3.1544769874477,0.0149397195602882,3.12519513710953,3.18375883778586,11950,0.0128843338579054
3.16666666666667,0.0148292753500435,3.13760128698058,3.19573204635275,12000,0.0250740130768734
3.14721991701245,0.0149241136075742,3.1179686543416,3.17647117968329,12050,0.00562726342265485
3.15140495867769,0.0148665318868095,3.12226655617954,3.18054336117583,12100,0.00981230508789288
3.10617283950617,0.0151165067957813,3.07654448618644,3.1358011928259,12150,0.0354198140836202
3.13901639344262,0.0148838168675456,3.10984411238223,3.16818867450301,12200,0.00257626014717038
3.12816326530612,0.0149208733311557,3.09891835357706,3.15740817703519,12250,0.0134293882836705
3.13983739837398,0.0148180583777643,3.11079400395357,3.1688807927944,12300,0.00175525521580955
3.15368421052632,0.0147008296397085,3.12487058443249,3.18249783662014,12350,0.0120915569365225
3.12870967741936,0.0148269982173429,3.09964876091336,3.15777059392535,12400,0.0128829761704381
3.13092369477912,0.0147836108011627,3.10194781760884,3.1598995719494,12450,0.0106689588106765
3.16448,0.0145436895720446,3.13597436843879,3.19298563156121,12500,0.0228873464102071
3.13338645418327,0.0147094980981918,3.10455583791081,3.16221707045572,12550,0.00820619940652634
3.17206349206349,0.0144372401249804,3.14376650141853,3.20036048270845,12600,0.0304708384736991
3.1301185770751,0.0146711838820852,3.10136305666621,3.15887409748399,12650,0.0114740765146943
3.13543307086614,0.0146098654555277,3.10679773457331,3.16406840715898,12700,0.00615958272365136
3.15105882352941,0.0144847819662503,3.12266865087556,3.17944899618326,12750,0.00946616993961857
3.1484375,0.0144727419131237,3.12007092585028,3.17680407414972,12800,0.00684484641020688
3.12560311284047,0.014583764845578,3.09701893374313,3.1541872919378,12850,0.015989540749326
3.13364341085271,0.0145070221355953,3.10520964746695,3.16207717423848,12900,0.00794924273707975
3.15212355212355,0.0143659059080604,3.12396637654375,3.18028072770335,12950,0.0105308985337591
3.148,0.0143636721252985,3.11984720263442,3.17615279736559,13000,0.00640734641020702
3.13164750957854,0.0144354128046345,3.10335410048146,3.15994091867563,13050,0.00994514401124924
3.14351145038168,0.0143361539521908,3.11541258863539,3.17161031212797,13100,0.00191879679188611
3.12030418250951,0.0144478044134377,3.09198648585917,3.14862187915984,13150,0.0212884710802874
3.12030303030303,0.0144204219674471,3.09203900324683,3.14856705735923,13200,0.021289623286763
3.13207547169811,0.0143234999580238,3.10400141178039,3.16014953161584,13250,0.00951718189167972
3.12270676691729,0.014351991597716,3.09457686338577,3.15083667044882,13300,0.0188858866724999
3.13468164794007,0.0142542392874898,3.1067433389366,3.16261995694355,13350,0.00691100564971814
3.13462686567164,0.0142279467364597,3.10674009006818,3.1625136412751,13400,0.00696578791815128
3.13219330855019,0.0142159089689055,3.10433012697113,3.16005649012924,13450,0.00939934503960727
3.10666666666667,0.0143379550401203,3.07856427478803,3.1347690585453,13500,0.0349259869231267
3.15837638376384,0.0140062299094326,3.13092417314135,3.18582859438633,13550,0.0167837301740446
3.13441176470588,0.0141242124926148,3.10672830822036,3.16209522119141,13600,0.00718088888391089
3.13611721611722,0.0140882557569823,3.10850423483353,3.1637301974009,13650,0.00547543747257695
3.14102189781022,0.0140335079421314,3.11351622224364,3.1685275733768,13700,0.000570755779574217
3.14356363636364,0.0139928870491385,3.11613757774732,3.17098969497995,13750,0.00197098277384322
3.13246376811594,0.0140328956537086,3.10495929263467,3.15996824359721,13800,0.00912888547385116
3.1098916967509,0.0141373878210628,3.08218241662162,3.13760097688019,13850,0.0317009568388906
3.13812949640288,0.013949191589525,3.11078908088741,3.16546991191835,13900,0.00346315718691548
3.14351254480287,0.0138925189632914,3.11628320763482,3.17074188197092,13950,0.00191989121307445
3.15371428571429,0.0138072013998358,3.12665217097061,3.18077640045796,14000,0.0121216321244928
3.14192170818505,0.0138523346500891,3.11477113227088,3.16907228409923,14050,0.000329054595260114
3.1336170212766,0.0138761299433122,3.1064198065877,3.16081423596549,14100,0.00797563231319742
3.15222614840989,0.0137426495686795,3.12529055525528,3.17916174156451,14150,0.0106334948201008
3.16957746478873,0.0136146373019359,3.14289277567694,3.19626215390053,14200,0.0279848111989391
3.12364912280702,0.0138599831619731,3.09648355580955,3.15081468980448,14250,0.0179435307827758
3.12475524475524,0.0138294447182985,3.09764953310738,3.15186095640311,14300,0.0168374088345482
3.15623693379791,0.0136228854202125,3.12953607837429,3.18293778922153,14350,0.0146442802081164
3.15888888888889,0.0135835289945261,3.13226517205962,3.18551260571816,14400,0.0172962352990957
3.1363321799308,0.0136914824047546,3.10949687441748,3.16316748544411,14450,0.00526047365899718
3.16413793103448,0.0135055106952598,3.13766713007177,3.19060873199719,14500,0.0225452774446895
3.14199312714777,0.0136118295468132,3.11531394123601,3.16867231305952,14550,0.000400473557973235
3.14082191780822,0.0135952382675427,3.11417525080384,3.1674685848126,14600,0.00077073578157405
3.1380204778157,0.0135880629003461,3.11138787453102,3.16465308110038,14650,0.00357217577409363
3.13469387755102,0.0135838785106109,3.10806947567022,3.16131827943182,14700,0.00689877603877287
3.11837288135593,0.0136524464766008,3.09161408626179,3.14513167645007,14750,0.023219772233861
3.12621621621622,0.013585656770553,3.09958832894593,3.1528441034865,14800,0.0153764373735767
3.1369696969697,0.0135022130825322,3.11050535932793,3.16343403461146,14850,0.00462295662009593
3.12590604026846,0.0135417217300916,3.09936426567748,3.15244781485944,14900,0.0156866133213369
3.1542474916388,0.013358230532005,3.12806535979607,3.18042962348153,14950,0.012654838049003
3.12293333333333,0.0135130078785563,3.09644783789136,3.1494188287753,15000,0.01865932025646
3.15136212624585,0.0133303671363474,3.12523460665861,3.17748964583309,15050,0.00976947265605421
3.13218543046358,0.0134167932505824,3.10588851569243,3.15848234523472,15100,0.009407223126217
3.13557755775578,0.0133756678012773,3.10936124886527,3.16179386664628,15150,0.00601509583401771
3.14605263157895,0.0132946451568088,3.1199951270716,3.17211013608629,15200,0.00445997798915432
3.12944262295082,0.0133658712961671,3.10324551521033,3.15563973069131,15250,0.0121500306389732
3.11686274509804,0.0134130402080104,3.09057318629034,3.14315230390574,15300,0.024729908491754
3.14475570032573,0.0132368412603576,3.11881149145543,3.17069990919603,15350,0.00316304673593981
3.15324675324675,0.0131673097917163,3.12743882605499,3.17905468043852,15400,0.0116540996569601
3.14330097087379,0.0132020957687037,3.11742486316713,3.16917707858045,15450,0.00170831728399312
3.12077419354839,0.0133050201708542,3.09469635401351,3.14685203308326,15500,0.0208184600414061
3.12977491961415,0.0132344882957694,3.10383532255444,3.15571451667386,15550,0.0118177339756453
3.1574358974359,0.0130588955420187,3.13184046217354,3.18303133269825,15600,0.0158432438461045
3.16805111821086,0.0129773865380359,3.14261544059631,3.19348679582541,15650,0.0264584646210695
3.15363057324841,0.0130387382172215,3.12807464634265,3.17918650015416,15700,0.0120379196586144
3.14412698412698,0.0130711689138396,3.11850749305586,3.16974647519811,15750,0.00253433053719121
3.12936708860759,0.0131315881094627,3.10362917591305,3.15510500130214,15800,0.0122255649821983
3.11722397476341,0.0131763352305612,3.09139835771151,3.14304959181531,15850,0.0243686788263862
3.15547169811321,0.0129461515489455,3.13009724107727,3.18084615514914,15900,0.0138790445234145
3.13780564263323,0.0130237264062249,3.11227913887703,3.16333214638943,15950,0.00378701095656409
3.1455,0.0129610709192952,3.12009630099818,3.17090369900182,16000,0.00390734641020707
3.16660436137072,0.012822862817758,3.14147155024791,3.19173717249352,16050,0.0250117077809233
3.13465838509317,0.0129800380640891,3.10921751048755,3.16009925969878,16100,0.0069342684966256
3.14328173374613,0.0129129183337327,3.11797241381201,3.16859105368025,16150,0.00168908015633695
3.15753086419753,0.0128142530078818,3.13241492830208,3.18264680009298,16200,0.0159382106077377
3.16923076923077,0.0127288875779199,3.14428214957805,3.19417938888349,16250,0.027638115640976
3.1359509202454,0.0128931795989736,3.11068028823141,3.16122155225939,16300,0.00564173334439433
3.15498470948012,0.0127694453764144,3.12995659654235,3.18001282241789,16350,0.0133920558903293
3.11658536585366,0.0129568635186743,3.09118991335706,3.14198081835026,16400,0.0250072877361345
3.14382978723404,0.0127916514801187,3.11875815033301,3.16890142413508,16450,0.00223713364424949
3.14060606060606,0.0127897160735863,3.11553821710183,3.16567390411029,16500,0.000986592983732493
3.17921450151057,0.0125567068041741,3.15460335617439,3.20382564684675,16550,0.0376218479207808
3.14144578313253,0.0127466072125827,3.11646243299587,3.16642913326919,16600,0.000146870457263137
3.13369369369369,0.0127690001134249,3.10866645347138,3.15872093391601,16650,0.00789895989609946
3.14778443113772,0.0126741542363606,3.12294308883446,3.17262577344099,16700,0.00619177754793165
3.14483582089552,0.0126711587972585,3.1200003496529,3.16967129213815,16750,0.00324316730572916
3.13071428571429,0.0127276536293859,3.10576808460069,3.15566048682788,16800,0.0108783678755073
3.1620178041543,0.0125400595430378,3.13743928744995,3.18659632085866,16850,0.0204251505645097
3.15479289940828,0.0125609834525188,3.13017337184135,3.17941242697522,16900,0.0132002458184908
3.15516224188791,0.0125404365303866,3.13058298628835,3.17974149748746,16950,0.0135695882981124
3.14258823529412,0.0125896599135665,3.11791250186353,3.16726396872471,17000,0.000995581704324344
3.14697947214076,0.0125477109185487,3.12238595874041,3.17157298554112,17050,0.00538681855096934
3.14947368421053,0.0125159786745473,3.12494236600841,3.17400500241264,17100,0.00788103062073331
3.17784256559767,0.012342741143319,3.15365079295676,3.20203433823857,17150,0.0362499120078743
3.14116279069767,0.0125238086866183,3.1166161256719,3.16570945572345,17200,0.00042986289211866
3.13971014492754,0.0125133222584925,3.11518403330089,3.16423625655418,17250,0.00188250866225692
3.12878612716763,0.0125524146840219,3.10418339438695,3.15338885994831,17300,0.0128065264221631
3.14028818443804,0.0124741643241863,3.11583882236264,3.16473754651345,17350,0.00130446915175275
3.13333333333333,0.0124926542911755,3.10884773092263,3.15781893574404,17400,0.00825932025645981
3.13604584527221,0.0124605965478755,3.11162307603837,3.16046861450604,17450,0.00554680831758692
3.13005714285714,0.0124739061447202,3.10560828681349,3.15450599890079,17500,0.0115355107326502
3.14119658119658,0.0123981212690015,3.11689626350934,3.16549689888382,17550,0.000396072393211711
3.13136363636364,0.012431668510287,3.10699756608347,3.1557297066438,17600,0.0102290172261568
3.14379603399433,0.012349331352382,3.11959134454367,3.168000723445,17650,0.00220338040454138
3.15457627118644,0.0122749886580159,3.13051729341673,3.17863524895615,17700,0.0129836175966473
3.13892957746479,0.012339880195679,3.11474341228126,3.16311574264832,17750,0.0026630761250046
3.15955056179775,0.0122140150081747,3.13561109238173,3.18349003121378,17800,0.0179579082079595
3.14106442577031,0.0122941811205665,3.116967830774,3.16516102076662,17850,0.000528227819485139
3.13966480446927,0.012284259204987,3.1155876564275,3.16374195251105,17900,0.00192784912051946
3.13671309192201,0.0122823862077206,3.11263961495487,3.16078656888914,17950,0.00487956166778769
3.14666666666667,0.012213734426537,3.12272774719065,3.17060558614268,18000,0.00507401307687338
3.16520775623269,0.0120990622214269,3.14149359427869,3.18892191818668,18050,0.0236151026428937
3.15049723756906,0.0121599744346425,3.12666368767716,3.17433078746096,18100,0.00890458397926785
3.13476584022039,0.0122244989258157,3.11080582232579,3.15872585811498,18150,0.0068268133694076
3.14901098901099,0.0121342620614722,3.1252278353705,3.17279414265147,18200,0.00741833542119608
3.14279452054795,0.0121497971882404,3.11898091805899,3.1666081230369,18250,0.00120186695815194
3.13726775956284,0.0121615313132434,3.11343115818888,3.1611043609368,18300,0.00432489402695158
3.1433242506812,0.0121139225817367,3.11958096242099,3.1670675389414,18350,0.00173159709140558
3.12891304347826,0.0121707850043898,3.10505830486966,3.15276778208686,18400,0.0126796101115323
3.12932249322493,0.0121522204162805,3.10550414120902,3.15314084524084,18450,0.0122701603648609
3.13081081081081,0.0121282937240545,3.10703935511166,3.15458226650996,18500,0.0107818427789823
3.15191374663073,0.0120042551312988,3.12838540657338,3.17544208668807,18550,0.0103210930409348
3.14,0.0120491823664066,3.11638360256184,3.16361639743816,18600,0.00159265358979299
3.1541018766756,0.0119607240589193,3.13065885752012,3.17754489583109,18650,0.0125092230858099
3.1351871657754,0.0120412617231542,3.11158629279802,3.15878803875278,18700,0.00640548781439199
3.15264,0.0119363222262136,3.12924480843662,3.17603519156338,18750,0.0110473464102068
3.12191489361702,0.0120753550925285,3.09824719763567,3.14558258959838,18800,0.019677759972772
3.12424403183024,0.0120478166614279,3.10063031117384,3.14785775248664,18850,0.0173486217595542
3.14243386243386,0.011940870347433,3.11902975655289,3.16583796831483,18900,0.000841208844069463
3.13562005277045,0.0119594016311202,3.11217962557345,3.15906047996744,18950,0.00597260081934436
3.14505263157895,0.0118961614129895,3.12173615520949,3.16836910794841,19000,0.00345997798915443
3.13889763779528,0.0119115554531561,3.11555098910709,3.16224428648346,19050,0.00269501579451736
3.13905759162304,0.0118951523474878,3.11574309302196,3.16237209022411,19100,0.00253506196675657
3.13274151436031,0.0119111082315037,3.10939574222657,3.15608728649406,19150,0.00885113922947989
3.139375,0.0118625474388211,3.11612440701991,3.16262559298009,19200,0.00221765358979331
3.13787012987013,0.011854642506782,3.11463503055684,3.16110522918342,19250,0.00372252371966342
3.14880829015544,0.0117844182546059,3.12571083037641,3.17190574993447,19300,0.00721563656564728
3.14976744186047,0.011764341579443,3.12670933236476,3.17282555135617,19350,0.0081747882706722
3.13731958762887,0.0118114572972311,3.11416913132629,3.16047004393144,19400,0.00427306596092736
3.15023136246787,0.0117317222337751,3.12723718688967,3.17322553804607,19450,0.00863870887807305
3.13805128205128,0.0117775085071927,3.11496736537718,3.16113519872538,19500,0.00354137153851086
3.14291560102302,0.0117382883439163,3.11990855586894,3.16592264617709,19550,0.00132294743322481
3.1265306122449,0.0118039442985738,3.10339488141969,3.1496663430701,19600,0.015062041344895
3.14931297709924,0.0116764691948632,3.1264270974773,3.17219885672117,19650,0.00772032350944363
3.14233502538071,0.011696393408696,3.11941009429967,3.16525995646175,19700,0.000742371790917407
3.15503797468354,0.0116181596770079,3.13226638171661,3.17780956765048,19750,0.0134453210937511
3.14707070707071,0.0116433290238051,3.12424978218405,3.16989163195736,19800,0.00547805348091401
3.13148614609572,0.0117053220498994,3.10854371487792,3.15442857731352,19850,0.0101065074940752
3.13065326633166,0.0116946562364664,3.10773174010818,3.15357479255513,19900,0.0109393872581349
3.12441102756892,0.0117101584781346,3.10145911695178,3.14736293818607,19950,0.0171816260208706
3.1316,0.0116607920828733,3.10874484751757,3.15445515248243,20000,0.00999265358979295
3.14274314214464,0.0115918496413988,3.1200231168475,3.16546316744178,20050,0.00115048855484545
3.15701492537313,0.0115066851917777,3.13446182239725,3.17956802834902,20100,0.0154222717833412
3.1454094292804,0.0115499502954374,3.12277152670134,3.16804733185945,20150,0.00381677569060379
3.13425742574257,0.0115900693497524,3.11154088981706,3.15697396166809,20200,0.00733522784721874
3.14469135802469,0.0115249202774106,3.12210251428097,3.16728020176842,20250,0.00309870443489846
3.15172413793103,0.0114761082084121,3.12923096584255,3.17421731001952,20300,0.0101314843412412
3.13415233415233,0.0115477823326729,3.1115186807803,3.15678598752437,20350,0.00744031943745904
3.15098039215686,0.0114516120469583,3.12853523254482,3.1734255517689,20400,0.00938773856706954
3.12665036674817,0.0115554556407923,3.10400167369221,3.14929905980412,20450,0.0149422868416269
3.13365853658537,0.0115078304675389,3.11110318886899,3.15621388430174,20500,0.00793411700442714
3.13712895377129,0.0114771278791773,3.1146337831281,3.15962412441448,20550,0.00446369981850347
3.12699029126214,0.0115116928385773,3.10442737329852,3.14955320922575,20600,0.0146023623276572
3.14014527845036,0.0114347686612132,3.11773313187439,3.16255742502634,20650,0.00144737513942994
3.16,0.011323951786279,3.13780505449889,3.18219494550111,20700,0.018407346410207
3.15219277108434,0.0113486941412382,3.12994933056751,3.17443621160116,20750,0.010600117494544
3.1325,0.0114300627353753,3.11009707703866,3.15490292296134,20800,0.00909265358979328
3.141103117506,0.0113751879320773,3.11880774915912,3.16339848585287,20850,0.000489536083797759
3.15138755980861,0.0113118193831426,3.12921639381765,3.17355872579957,20900,0.0097949062188194
3.14023866348449,0.0113521538971588,3.11798844184606,3.16248888512292,20950,0.00135399010530612
3.13219047619048,0.011376970735874,3.10989161354816,3.15448933883279,21000,0.00940217739931715
3.11790973871734,0.0114304211680871,3.09550611322789,3.14031336420679,21050,0.0236829148724533
3.15507109004739,0.0112401842948763,3.13304032882944,3.17710185126535,21100,0.0134784364576004
3.14893617021277,0.0112566149226415,3.12687320496439,3.17099913546114,21150,0.00734351662297295
3.15924528301887,0.0111933065700725,3.13730640214153,3.18118416389621,21200,0.0176526294290746
3.15821176470588,0.0111851698203667,3.13628883185796,3.1801346975538,21250,0.0166191111160892
3.12976525821596,0.0113079606786655,3.10760165528578,3.15192886114615,21300,0.0118273953738308
3.13873536299766,0.0112524403245702,3.1166805799615,3.16079014603382,21350,0.00285729059213491
3.1607476635514,0.0111335664520429,3.1389258733054,3.18256945379741,21400,0.0191550099616089
3.15599067599068,0.0111436594011814,3.13414910356436,3.17783224841699,21450,0.0143980224008828
3.13190697674419,0.0112452296780247,3.10986632657526,3.15394762691311,21500,0.00968567684560728
3.14208816705336,0.0111842502342742,3.12016703659419,3.16400929751254,21550,0.000495513463571129
3.14240740740741,0.0111697867023898,3.12051462547072,3.16430018934409,21600,0.0008147538176142
3.14568129330254,0.0111413641080568,3.12384421965075,3.16751836695433,21650,0.00408863971274709
3.1531797235023,0.0110927728481645,3.1314378887199,3.17492155828471,21700,0.0115870699125109
3.14519540229885,0.0111180240751582,3.12340407511154,3.16698672948616,21750,0.0036027487090573
3.13871559633028,0.0111357898725673,3.11688944818004,3.16054174448051,21800,0.00287705725951781
3.13794050343249,0.0111266711354279,3.11613222800706,3.15974877885793,21850,0.00365215015729881
3.15068493150685,0.0110538825353431,3.12901932173758,3.17235054127612,21900,0.00909227791705636
3.15462414578588,0.0110225345529609,3.13301997806207,3.17622831350968,21950,0.0130314921960837
3.13581818181818,0.0110985606311876,3.11406500298105,3.15757136065531,22000,0.00577447177161128
3.14267573696145,0.0110539640239219,3.12100996747456,3.16434150644834,22050,0.00108308337165797
3.12923076923077,0.0111038655977856,3.10746719265911,3.15099434580243,22100,0.0123618843590241
3.14365688487585,0.0110243910366079,3.12204907844409,3.1652646913076,22150,0.00206423128605326
3.14558558558559,0.0110029350427051,3.12401983290188,3.16715133826929,22200,0.00399293199579231
3.13707865168539,0.0110301978546972,3.11545946389019,3.1586978394806,22250,0.00451400190439966
3.15318385650224,0.0109425056629628,3.13173654540283,3.17463116760165,22300,0.0115912029124492
3.13217002237136,0.0110281134345766,3.11055492003959,3.15378512470313,22350,0.00942263121842846
3.13321428571429,0.0110110037954187,3.11163271827526,3.15479585315331,22400,0.00837836787550739
3.13300668151448,0.0109996879073838,3.111447293216,3.15456606981295,22450,0.00858597207531631
3.14702222222222,0.0109226370884373,3.12561385352888,3.16843059091556,22500,0.00542956863242905
3.16062084257206,0.0108465598575976,3.13936158525117,3.18188009989295,22550,0.019028188982269
3.13982300884956,0.0109318150378607,3.11839665137535,3.16124936632376,22600,0.00176964474023578
3.12088300220751,0.0110059612491687,3.09931131815913,3.14245468625588,22650,0.0207096513822878
3.14202643171806,0.0108975518191061,3.12066723015261,3.16338563328351,22700,0.000433778128268614
3.13547252747253,0.0109156649998631,3.1140778240728,3.15686723087226,22750,0.00612012611726565
3.13578947368421,0.0109022415839872,3.1144210801796,3.15715786718883,22800,0.00580317990558266
3.1380306345733,0.010880062819142,3.11670571144779,3.15935555769882,22850,0.00356201901648889
3.13921397379913,0.0108627634503071,3.11792295743652,3.16050499016173,22900,0.00237867979066664
3.14614379084967,0.0108190794326006,3.12493839516178,3.16734918653757,22950,0.0045511372598801
3.13721739130435,0.0108482348893123,3.1159548509213,3.1584799316874,23000,0.00437526228544538
3.14550976138829,0.0107985043283533,3.12434469290471,3.16667482987186,23050,0.00391710779849319
3.13350649350649,0.010841564696697,3.11225702670097,3.15475596031202,23100,0.00808616008329954
3.13814254859611,0.0108088267646939,3.11695724813731,3.15932784905491,23150,0.00345010499368081
3.13827586206897,0.0107965672662241,3.11711459022717,3.15943713391076,23200,0.00331679152082742
3.14855913978495,0.0107379578011064,3.12751274249478,3.16960553707511,23250,0.00696648619515328
3.12721030042918,0.0108231926671848,3.1059968428015,3.14842375805687,23300,0.0143823531606087
3.1227408993576,0.0108314967654653,3.10151116569729,3.14397063301791,23350,0.0188517542321915
3.14905982905983,0.0107011891448036,3.12808549833601,3.17003415978364,23400,0.00746717547003595
3.15189765458422,0.010676742340672,3.1309712395965,3.17282406957194,23450,0.0103050009944288
3.14604255319149,0.0106921853870993,3.12508586983278,3.1669992365502,23500,0.00444989960169639
3.13443736730361,0.0107333079999937,3.11340008362362,3.1554746509836,23550,0.00715528628618367
3.12762711864407,0.0107523294309007,3.1065525529595,3.14870168432863,23600,0.0139655349457253
3.15822410147992,0.0106023989681363,3.13744339950237,3.17900480345746,23650,0.0166314478901222
3.15493670886076,0.0106063455223109,3.13414827163703,3.17572514608449,23700,0.0133440552709665
3.13886315789474,0.0106681833062814,3.11795351861443,3.15977279717505,23750,0.00272949569505609
3.14689075630252,0.0106207375891368,3.12607411062781,3.16770740197723,23800,0.0052981027127279
3.14264150943396,0.0106288054098768,3.1218090508306,3.16347396803732,23850,0.00104885584416925
3.12502092050209,0.0106961220212866,3.10405652134037,3.14598531966381,23900,0.0165717330877011
3.14187891440501,0.0106100211519572,3.12108327294717,3.16267455586285,23950,0.000286260815217432
3.145,0.0105849244210811,3.12425354813468,3.16574645186532,24000,0.0034073464102069
3.1356340956341,0.010615830176981,3.11482706848721,3.15644112278098,24050,0.00595855795569733
3.1392531120332,0.0105886934663627,3.11849927283912,3.16000695122727,24100,0.00233954155659788
3.15031055900621,0.010528056999063,3.12967556728805,3.17094555072437,24150,0.00871790541641815
3.14264462809917,0.0105516503230696,3.12196339346596,3.16332586273239,24200,0.00105197450938022
3.15612371134021,0.0104799818290488,3.13558294695527,3.17666447572514,24250,0.0145310577504132
3.13316872427984,0.0105719728903746,3.1124476574147,3.15388979114497,24300,0.00842392930995794
3.14135523613963,0.0105248473481429,3.12072653533727,3.16198393694199,24350,0.000237417450162702
3.13459016393443,0.010544023946276,3.11392387699973,3.15525645086913,24400,0.00700248965536687
3.14159509202454,0.0105022359015166,3.12101070965757,3.16217947439151,24450,2.43843474656558e-06
3.15183673469388,0.0104457239305398,3.13136311579002,3.17231035359774,24500,0.0102440811040845
3.14329938900204,0.0104732546720669,3.12277180984479,3.16382696815929,24550,0.00170673541224353
3.13658536585366,0.0104923001309387,3.11602045759702,3.1571502741103,24600,0.00500728773613446
3.14223123732252,0.0104567258565157,3.12173605464374,3.16272642000129,24650,0.000638583732722076
3.15708502024291,0.0103797417454192,3.13674072642189,3.17742931406394,24700,0.0154923666531217
3.14779797979798,0.0104108719350178,3.12739267080534,3.16820328879061,24750,0.0062053262081867
3.1358064516129,0.0104533211740346,3.1153179421118,3.15629496111401,24800,0.00578620197688995
3.14076458752515,0.0104210284153409,3.12033937183108,3.16118980321922,24850,0.00082806606464203
3.13349397590361,0.0104424054503725,3.11302686122088,3.15396109058634,24900,0.00809867768617867
3.13362725450902,0.0104313563981865,3.11318179596857,3.15407271304946,24950,0.00796539908077509
3.13488,0.010415464244286,3.1144656900812,3.1552943099188,25000,0.00671265358979323
3.12526946107784,0.0104466492540598,3.10479402853989,3.1457448936158,25050,0.0163231925119489
3.13338645418327,0.010401185853082,3.11300012991123,3.15377277845531,25100,0.00820619940652634
3.1341550695825,0.0103875064086275,3.1137955570216,3.15451458214341,25150,0.00743758400728822
3.17126984126984,0.0102122843839447,3.15125376387731,3.19128591866237,25200,0.0296771876800483
3.13631683168317,0.0103575371858267,3.11601605879895,3.15661760456739,25250,0.00527582190662468
3.13154150197628,0.0103679611187109,3.11122029818361,3.15186270576896,25300,0.0100511516135087
3.13830374753452,0.0103284608573786,3.11805996425405,3.15854753081498,25350,0.00328890605527654
3.13984251968504,0.0103116000543957,3.11963178357842,3.16005325579165,25400,0.00175013390475387
3.13980353634578,0.0103016352842551,3.11961233118864,3.15999474150292,25450,0.0017891172440172
3.14211764705882,0.0102814649148441,3.12196597582573,3.16226931829192,25500,0.000524993469030566
3.14849315068493,0.01024353833428,3.12841581554974,3.16857048582012,25550,0.00690049709513829
3.1575,0.0101938127488872,3.13752012701218,3.17747987298782,25600,0.0159073464102071
3.14432748538012,0.0102417457968357,3.12425366361832,3.16440130714192,25650,0.00273483179032397
3.1304280155642,0.0102917225279597,3.1102562394094,3.150599791719,25700,0.011164638025591
3.14003883495146,0.0102404328162522,3.1199675866316,3.16011008327131,25750,0.00155381863833659
3.15937984496124,0.0101459091215627,3.13949386308298,3.1792658268395,25800,0.0177871913714474
3.12185686653772,0.010298141972472,3.10167250827167,3.14204122480376,25850,0.0197357870520753
3.14471042471042,0.0101905362326451,3.12473697369444,3.16468387572641,25900,0.00311777112063139
3.14420038535645,0.0101829232512219,3.12424185578406,3.16415891492885,25950,0.00260773176666174
3.13907692307692,0.0101952171352619,3.11909429749181,3.15905954866204,26000,0.00251573051287002
3.15086372360845,0.010134437384534,3.13100022633476,3.17072722088213,26050,0.00927107001865224
3.14191570881226,0.0101634694689498,3.12199530865312,3.1618361089714,26100,0.000323055222467339
3.14569789674952,0.0101374423431814,3.12582850975689,3.16556728374216,26150,0.00410524315972882
3.1393893129771,0.0101548920138014,3.11948572463005,3.15929290132415,26200,0.00220334061269378
3.14742857142857,0.0101106406437676,3.12761171576679,3.16724542709036,26250,0.00583591783877813
3.13657794676806,0.0101475625403486,3.11668872418898,3.15646716934714,26300,0.00501470682173233
3.14489563567362,0.0101023490672274,3.12509503150186,3.16469623984539,26350,0.00330298208383129
3.14833333333333,0.0100779735734324,3.12858050512941,3.16808616153726,26400,0.00674067974354031
3.15100189035917,0.0100569167545676,3.13129033352022,3.17071344719812,26450,0.009409236769375
3.13645283018868,0.0101097281092831,3.11663776309448,3.15626789728287,26500,0.00513982340111374
3.15480225988701,0.010021505577127,3.13516010895584,3.17444441081817,26550,0.0132096062972127
3.13443609022556,0.0100992346117973,3.11464159038644,3.15423059006469,26600,0.00715656336422921
3.14506566604128,0.0100445996438762,3.12537825073928,3.16475308134327,26650,0.00347301245148257
3.1489138576779,0.0100187033848919,3.12927719904351,3.16855051631229,26700,0.00732120408810966
3.14676635514019,0.0100185378206724,3.12713002101167,3.1664026892687,26750,0.00517370155039387
3.14805970149254,0.0100036540372679,3.12845253957949,3.16766686340558,26800,0.00646704790274422
3.14130353817505,0.0100231133886547,3.12165823593328,3.16094884041681,26850,0.000289115414746632
3.1385873605948,0.0100252818375197,3.11893780819326,3.15823691299633,26900,0.00300529299499752
3.14686456400742,0.00998087535214002,3.12730204831723,3.16642707969762,26950,0.00527191041762798
3.14088888888889,0.00999698573684028,3.12129479684468,3.1604829809331,27000,0.000703764700904053
3.14927911275416,0.00995211737934381,3.12977296269064,3.16878526281767,27050,0.00768645916436572
3.13151291512915,0.0100178411380033,3.11187794649867,3.15114788375964,27100,0.0100797384606417
3.14372007366482,0.009957375812886,3.12420361707157,3.16323653025808,27150,0.00212742007503186
3.13029411764706,0.0100044754830843,3.11068534570021,3.1499028895939,27200,0.0112985359427342
3.1263119266055,0.010011775532871,3.10668884656108,3.14593500664993,27250,0.0152807269842885
3.12805860805861,0.00999539047018478,3.10846764273705,3.14764957338017,27300,0.013534045531185
3.152760511883,0.00988257048296437,3.13339067373639,3.17213035002961,27350,0.0111678582932049
3.13576642335766,0.00994516834523606,3.116273893401,3.15525895331433,27400,0.0058262302321288
3.12932604735883,0.00996281369821368,3.10979893251034,3.14885316220733,27450,0.0122666062309587
3.14996363636364,0.00986745547939621,3.13062342362402,3.16930384910325,27500,0.00837098277384341
3.15078039927405,0.00985503726237045,3.1314645262398,3.17009627230829,27550,0.00918774568425418
3.15376811594203,0.00983342999455485,3.1344945931527,3.17304163873136,27600,0.0121754623522357
3.15515370705244,0.00981864468625752,3.13590916346738,3.17439825063751,27650,0.0135610534626482
3.14382671480144,0.0098575786719967,3.12450586060433,3.16314756899856,27700,0.00223406121165093
3.13571171171171,0.00988247863988476,3.11634205357754,3.15508136984589,27750,0.00588094187808119
3.14964028776978,0.00981543200018408,3.13040204104942,3.16887853449014,27800,0.0080476341799911
3.14929982046679,0.00980804989918769,3.13007604266438,3.16852359826919,27850,0.00770716687699302
3.15039426523298,0.00979465334823819,3.13119674467043,3.16959178579552,27900,0.00880161164318194
3.14432915921288,0.00981129788575631,3.1250990153568,3.16355930306896,27950,0.00273650562308703
3.15528571428571,0.00975652696983509,3.13616292142484,3.17440850714659,28000,0.0136930606959211
3.12627450980392,0.00986812461267766,3.10693298556307,3.14561603404477,28050,0.0153181437858714
3.14106761565836,0.00979862125622682,3.12186231799616,3.16027291332057,28100,0.000525037931430106
3.14486678507993,0.00977414584389073,3.1257094592259,3.16402411093395,28150,0.00327413149013589
3.14978723404255,0.00974495562622994,3.13068712101514,3.16888734706996,28200,0.00819458045276011
3.13727433628319,0.00978821231480519,3.11808944014617,3.1564592324202,28250,0.00431831730660726
3.1252296819788,0.00982867040530813,3.10596548798439,3.1444938759732,28300,0.0163629716109943
3.1473721340388,0.0097292032732733,3.12830289562319,3.16644137245442,28350,0.00577948044900767
3.14718309859155,0.00972142062429318,3.12812911416793,3.16623708301516,28400,0.00559044500175609
3.13532513181019,0.00976172512966901,3.11619215055604,3.15445811306434,28450,0.00626752177959977
3.17108771929825,0.00960364249922609,3.15226457999976,3.18991085859673,28500,0.0294950657084523
3.15810858143608,0.00965024888040378,3.13919409363049,3.17702306924167,28550,0.0165159278462839
3.14503496503497,0.00969625212153922,3.12603031087675,3.16403961919318,28600,0.00344231144517204
3.15504363001745,0.00964622779857098,3.13613702353225,3.17395023650265,28650,0.0134509764276589
3.13379790940767,0.00972532578858798,3.11473627086203,3.1528595479533,28700,0.00779474418212756
3.13168695652174,0.00972542098328966,3.11262513139449,3.15074878164899,28750,0.00990569706805378
3.13944444444444,0.00968544576432263,3.12046097074637,3.15842791814252,28800,0.00214820914534863
3.13275563258232,0.00970423030707696,3.11373534118045,3.15177592398419,28850,0.00883702100747064
3.12747404844291,0.00971710985213553,3.10842851313272,3.14651958375309,28900,0.0141186051468867
3.14901554404145,0.00962108234793818,3.13015822263949,3.16787286544341,28950,0.00742289045165778
3.15255172413793,0.00959817605371778,3.13373929907264,3.17136414920322,29000,0.0109590705481377
3.1394148020654,0.00964380051784717,3.12051295305042,3.15831665108039,29050,0.00217785152438843
3.1246735395189,0.00969484475170476,3.10567164380556,3.14367543523224,29100,0.0169191140708929
3.16185248713551,0.00953480362726643,3.14316427202606,3.18054070224495,29150,0.0202598335457127
3.14150684931507,0.0096105003094268,3.12267026870859,3.16034342992155,29200,8.5804274724488e-05
3.13832478632479,0.00961518862718581,3.1194790166155,3.15717055603407,29250,0.00326786726500661
3.14839590443686,0.00956598575705535,3.12964657235303,3.16714523652069,29300,0.00680325084706679
3.15134582623509,0.00954573459765636,3.13263618642369,3.1700554660465,29350,0.00975317264530062
3.13551020408163,0.00960197077352326,3.11669034136553,3.15433006679774,29400,0.00608244950816061
3.12801358234295,0.00962379859641929,3.10915093709397,3.14687622759194,29450,0.0135790712468391
3.144,0.00955140241721566,3.12527925126226,3.16272074873774,29500,0.00240734641020701
3.14883248730964,0.00952365283490859,3.13016612775322,3.16749884686607,29550,0.0072398337198516
3.14662162162162,0.00952461047091315,3.12795338509863,3.16528985814461,29600,0.00502896803182828
3.14401349072513,0.00952715677013498,3.12534026345566,3.16268671799459,29650,0.00242083713533336
3.1450505050505,0.00951493481541176,3.1264012328123,3.16369977728871,29700,0.00345785146071176
3.1403025210084,0.00952609888776927,3.12163136718838,3.15897367482843,29750,0.00129013258138988
3.14402684563758,0.0095030948269825,3.1254007797767,3.16265291149847,29800,0.00243419204779061
3.14331658291457,0.00949799801039384,3.1247005068142,3.16193265901495,29850,0.00172392932477994
3.15438127090301,0.009445148604096,3.13586877963898,3.17289376216704,29900,0.012788617313217
3.13616026711185,0.00951080546618266,3.11751908839813,3.15480144582557,29950,0.0054323864779402
3.14493333333333,0.00946771296252378,3.12637661592679,3.16349005073988,30000,0.00334067974354024
3.13703826955075,0.00949146910702195,3.11843499010099,3.15564154900051,30050,0.00455438403904429
3.14883720930233,0.00943622247347168,3.13034221325432,3.16733220535033,30100,0.00724455571253246
3.15369817578773,0.00940868749106976,3.13525714830523,3.17213920327022,30150,0.0121055221979347
3.13827814569536,0.00946293372427095,3.11973079559579,3.15682549579494,30200,0.00331450789442878
3.14909090909091,0.00941177402700254,3.13064383199798,3.16753798618383,30250,0.00749825550111582
3.14653465346535,0.00941429691564611,3.12808263151068,3.16498667542001,30300,0.00494199987555355
3.1492586490939,0.00939557987402172,3.13084331254082,3.16767398564699,30350,0.0076659955041114
3.14328947368421,0.00941179477571067,3.12484235592382,3.1617365914446,30400,0.00169682009441763
3.13287356321839,0.00944537052181021,3.11436063699564,3.15138648944114,30450,0.0087190903714025
3.1264262295082,0.00946289379625553,3.10787895766754,3.14497350134886,30500,0.0151664240815963
3.15103109656301,0.0093576463649164,3.13269010968778,3.16937208343825,30550,0.00943844297321839
3.14444444444444,0.00937638340743786,3.12606673296587,3.16282215592302,30600,0.00285179085465126
3.13905383360522,0.00939014158711554,3.12064915609447,3.15745851111597,30650,0.00253881998457306
3.15100977198697,0.00933484332114415,3.13271347907753,3.16930606489641,30700,0.0094171183971774
3.1449756097561,0.00935137197544875,3.12664692068422,3.16330429882798,30750,0.00338295616630457
3.13415584415584,0.00938652412252956,3.11575825687569,3.152553431436,30800,0.00743680943394898
3.13905996758509,0.00935962983629423,3.12071509310595,3.15740484206423,30850,0.00253268600470413
3.14343042071197,0.00933477833183761,3.12513425518157,3.16172658624238,30900,0.00183776712218098
3.14171243941842,0.00933403227460156,3.1234177361602,3.16000714267664,30950,0.000119785828623709
3.14670967741935,0.00930670399317298,3.12846853759274,3.16495081724597,31000,0.0051170238295617
3.14434782608696,0.00930857318368094,3.12610302264694,3.16259262952697,31050,0.00275517249716328
3.14032154340836,0.00931697406414002,3.12206027424265,3.15858281257407,31100,0.00127111018143289
3.14876404494382,0.00927611262646624,3.13058286419595,3.16694522569169,31150,0.007171391354027
3.15564102564103,0.00924123600737921,3.13752820306656,3.17375384821549,31200,0.0140483720512323
3.154304,0.00923919005209266,3.1361951874979,3.1724128125021,31250,0.0127113464102071
3.13035143769968,0.00932601847951204,3.11207244147984,3.14863043391952,31300,0.0112412158901125
3.13875598086124,0.00928588099423006,3.12055565411255,3.15695630760993,31350,0.00283667272854915
3.1368152866242,0.00928606072009943,3.11861460761281,3.1550159656356,31400,0.00477736696558928
3.15039745627981,0.00922529475720055,3.1323158785557,3.16847903400392,31450,0.00880480269001627
3.13739682539683,0.00926904467873684,3.1192294978265,3.15556415296715,31500,0.00419582819296771
3.14497622820919,0.00923204890582538,3.12688141235377,3.16307104406461,31550,0.00338357461939864
3.1573417721519,0.00917577993517411,3.13935724347896,3.17532630082484,31600,0.0157491185621055
3.14173775671406,0.00923013625687569,3.12364668965058,3.15982882377754,31650,0.000145103124266743
3.14447949526814,0.00921212800405619,3.12642372438019,3.16253526615609,31700,0.00288684167834585
3.11962204724409,0.00930065863610489,3.10139275631733,3.13785133817086,31750,0.0219706063456986
3.14566037735849,0.00919300783606348,3.12764208199981,3.16367867271717,31800,0.00406772376869746
3.15026687598116,0.00916769653625515,3.1322981907701,3.16823556119222,31850,0.0086742223913685
3.14583072100313,0.00917792082574022,3.12784199618468,3.16381944582159,31900,0.00423806741334154
3.14190923317684,0.00918603298370066,3.12390460852879,3.15991385782489,31950,0.000316579587045673
3.13275,0.00921425091485331,3.11469006820689,3.15080993179311,32000,0.00884265358979297
3.14970358814353,0.00914125868127579,3.13178672112823,3.16762045515883,32050,0.00811093455373246
3.14155763239875,0.00916590963497435,3.1235924495142,3.1595228152833,32100,3.50211910391529e-05
3.13878693623639,0.00916950167286578,3.12081471295757,3.15675915951521,32150,0.00280571735340107
3.13813664596273,0.00916488873705679,3.1201734640381,3.15609982788736,32200,0.00345600762706022
3.14096124031008,0.00914687636454215,3.12303336263557,3.15888911798458,32250,0.000631413279715609
3.13795665634675,0.00915138360730515,3.12001994447643,3.15589336821707,32300,0.00363599724304375
3.13149922720247,0.00916904526107802,3.11352789849076,3.14947055591419,32350,0.01009342638732
3.13765432098765,0.00913841208809918,3.11974303329498,3.15556560868033,32400,0.00393833260213894
3.12320493066256,0.00918632782526625,3.10519972812504,3.14121013320008,32450,0.0183877229272351
3.12492307692308,0.00917278260106146,3.106944423025,3.14290173082116,32500,0.016669576666716
3.13658986175115,0.00912140927169853,3.11871189957862,3.15446782392368,32550,0.00500279183864105
3.1441717791411,0.00908526572911448,3.12636465831204,3.16197889997017,32600,0.00257912555131101
3.13519142419602,0.00911277048566487,3.11733039404412,3.15305245434792,32650,0.00640122939377452
3.13700305810398,0.00909888598528173,3.11916924157282,3.15483687463513,32700,0.00458959548581772
3.14442748091603,0.00906345019812369,3.12666311852771,3.16219184330435,32750,0.0028348273262373
3.13573170731707,0.00908985210274825,3.11791559719569,3.15354781743846,32800,0.00586094627271994
3.13290715372907,0.00909366344194783,3.11508357338285,3.15073073407529,32850,0.00868549986072154
3.13969604863222,0.00906090992420029,3.12193666518079,3.15745543208365,32900,0.00189660495757416
3.14986342943854,0.0090149329725147,3.13219416081241,3.16753269806467,32950,0.00827077584875013
3.13490909090909,0.00906538764714934,3.11714093112068,3.1526772506975,33000,0.00668356268070225
3.13573373676248,0.00905539997233625,3.1179851528167,3.15348232070826,33050,0.00585891682731221
3.13111782477341,0.00906600913555227,3.11334844686773,3.1488872026791,33100,0.0104748288163794
3.13447963800905,0.00904647952983069,3.11674853813058,3.15221073788752,33150,0.00711301558074329
3.14060240963855,0.00901642768320512,3.12293021137947,3.15827460789764,33200,0.000990243951239034
3.12842105263158,0.00905566067800263,3.11067195770269,3.14617014756046,33250,0.0131716009582141
3.13705705705706,0.00901633693922893,3.11938503665617,3.15472907745795,33300,0.00453559653273627
3.13175412293853,0.00902957427294188,3.11405615736356,3.1494520885135,33350,0.00983853065126228
3.13844311377246,0.00899758330278421,3.120807850499,3.15607837704591,33400,0.00314953981733801
3.14511210762332,0.00896550149570515,3.12753972469174,3.1626844905549,33450,0.00351945403352527
3.1510447761194,0.00893608469368901,3.13353005011977,3.16855950211903,33500,0.00945212252961003
3.14265275707899,0.00896149184664197,3.12508823305957,3.1602172810984,33550,0.0010601034891935
3.1372619047619,0.00897522277210148,3.11967046812859,3.15485334139522,33600,0.00433074882788853
3.14210995542348,0.00895022532812153,3.12456751378036,3.1596523970666,33650,0.000517301833683703
3.13543026706231,0.00896878548165738,3.11785144751827,3.15300908660636,33700,0.00616238652747869
3.14868148148148,0.00891196591206578,3.13121402829383,3.16614893466913,33750,0.00708882789168852
3.13562130177515,0.00895479154894434,3.11806991033922,3.15317269321108,33800,0.00597135181464514
3.13217134416544,0.00896108120100517,3.11460762501147,3.14973506331941,33850,0.00942130942435737
3.14230088495575,0.00891644049815882,3.12482466157936,3.15977710833214,33900,0.000708231365959211
3.14957290132548,0.00888228059275144,3.13216363136369,3.16698217128727,33950,0.00798024773568562
3.13976470588235,0.00891287306821681,3.12229547466865,3.15723393709606,34000,0.0018279477074401
3.13574155653451,0.00892140773144779,3.11825559738087,3.15322751568815,34050,0.00585109705528497
3.13618768328446,0.00891319748432106,3.11871781621519,3.15365755035373,34100,0.0054049703053356
3.14600292825769,0.00886977080958067,3.12861817747091,3.16338767904446,34150,0.00441027466789334
3.12736842105263,0.00893288890491331,3.109859958799,3.14487688330626,34200,0.0142242325371615
3.13775182481752,0.00888781793214022,3.12033170167052,3.15517194796451,34250,0.00384082877227465
3.12979591836735,0.00891089872671653,3.11233055686298,3.14726127987171,34300,0.0117967352224464
3.13874818049491,0.00887115040469681,3.1213607257017,3.15613563528811,34350,0.00284447309488778
3.14837209302326,0.00882853713284203,3.13106816024289,3.16567602580363,34400,0.00677943943346282
3.1467053701016,0.00882841893903657,3.12940166898108,3.16400907122211,34450,0.00511271651180323
3.14342028985507,0.0088343697079993,3.12610492522739,3.16073565448275,34500,0.00182763626527915
3.14246020260492,0.00883157190916767,3.12515032166295,3.15977008354689,34550,0.000867549015127089
3.14682080924855,0.00880882707491065,3.12955550818173,3.16408611031538,34600,0.00522815565876167
3.15301587301587,0.00877908178327247,3.13580887272066,3.17022287331109,34650,0.0114232194260797
3.13406340057637,0.00884366329659544,3.11672982051504,3.1513969806377,34700,0.00752925301342433
3.14889208633094,0.00878200739734848,3.13167935183213,3.16610482082974,34750,0.0072994327411422
3.13390804597701,0.00883152097532488,3.11659826486537,3.15121782708865,34800,0.00768460761278167
3.14835007173601,0.00877143549882295,3.13115805815832,3.1655420853137,34850,0.00675741814621844
3.15071633237822,0.00875625347130901,3.13355407557446,3.16787858918199,34900,0.00912367878843057
3.13178826895565,0.00882034213139493,3.11450039837812,3.14907613953318,34950,0.00980438463414224
3.12651428571429,0.00883332256544441,3.10920097348601,3.14382759794256,35000,0.0150783678755073
3.12935805991441,0.00881664612304218,3.11207743351325,3.14663868631557,35050,0.0122345936753852
3.13048433048433,0.0088062480709044,3.11322408426536,3.1477445767033,35100,0.0111083231054625
3.14355618776671,0.00875180005125458,3.12640265966626,3.16070971586717,35150,0.00196353417692086
3.16193181818182,0.00867650047590783,3.14492587724904,3.1789377591146,35200,0.0203391645920252
3.1382695035461,0.00875893470852942,3.12110199151738,3.15543701557482,35250,0.00332315004369388
3.14209631728045,0.00873859597122353,3.12496866917686,3.15922396538405,35300,0.00050366369066035
3.13380480905233,0.00876292604340264,3.11662947400726,3.1509801440974,35350,0.00778784453745951
3.14203389830508,0.00872647535827554,3.12493000660286,3.1591377900073,35400,0.0004412447152915
3.15306064880113,0.00867928997535754,3.13604924044943,3.17007205715283,35450,0.0114679952113352
3.14828169014085,0.00869101715320987,3.13124729652055,3.16531608376114,35500,0.00668903655105213
3.13665260196906,0.00872782842968893,3.11954605824687,3.15375914569125,35550,0.00494005162073563
3.14966292134831,0.00867366407690619,3.13266253975758,3.16666330293905,35600,0.0080702677585216
3.13166900420757,0.00873375111581724,3.11455085202057,3.14878715639458,35650,0.00992364938221968
3.15002801120448,0.00866014984481191,3.13305411750865,3.16700190490031,35700,0.0084353576146885
3.13499300699301,0.00870943684654589,3.11792251077378,3.15206350321224,35750,0.00659964659678591
3.14178770949721,0.0086784920465635,3.12477786508594,3.15879755390847,35800,0.000195055907413533
3.13327754532775,0.00870351891074709,3.11621864826269,3.15033644239282,35850,0.00831510826203852
3.13537604456825,0.00868982890456107,3.11834397991531,3.15240810922118,35900,0.00621660902154808
3.13312934631433,0.0086919429136381,3.1160931382036,3.15016555442506,35950,0.00846330727546762
3.14822222222222,0.00863067161091293,3.13130610586483,3.16513833857961,36000,0.00662956863242892
3.13697642163662,0.00866591297085162,3.11999123221375,3.15396161105948,36050,0.00461623195317751
3.13717451523546,0.00865918902803496,3.12020250474051,3.15414652573041,36100,0.00441813835433624
3.13892116182573,0.00864684175851702,3.12197335197903,3.15586897167242,36150,0.00267149176406711
3.14254143646409,0.00862765543390897,3.12563123181363,3.15945164111455,36200,0.00094878287429534
3.12430344827586,0.00868759203365987,3.10727576788989,3.14133112866184,36250,0.0172892053139311
3.14754820936639,0.00859741313387289,3.130697279624,3.16439913910878,36300,0.00595555577659823
3.15334250343879,0.00857012672429463,3.13654505505917,3.17013995181841,36350,0.0117498498489965
3.15648351648352,0.00855259403503257,3.13972043217485,3.17324660079218,36400,0.0148908628937234
3.13777777777778,0.00861533027405236,3.12089173044064,3.15466382511492,36450,0.00381487581201512
3.14761643835616,0.00857357601965403,3.13081222935764,3.16442064735469,36500,0.00602378476637133
3.13630642954856,0.00860885507618477,3.11943307359924,3.15317978549789,36550,0.00528622404122947
3.14699453551913,0.00856413211558237,3.13020883657258,3.16378023446567,36600,0.00540188192933266
3.13746248294679,0.00859293008659349,3.12062033997707,3.15430462591652,36650,0.00413017064299925
3.13634877384196,0.00859109142572863,3.11951023464753,3.15318731303639,36700,0.00524387974783114
3.1563537414966,0.00851224971586358,3.13966973205351,3.17303775093969,36750,0.0147610879068054
3.13119565217391,0.00859789597066397,3.11434377607141,3.14804752827641,36800,0.0103970014158801
3.13248303934871,0.00858745758833261,3.11565162247558,3.14931445622184,36850,0.00910961424108203
3.14449864498645,0.00853832877731927,3.1277635205829,3.16123376939,36900,0.00290599139665693
3.13991880920162,0.00854912590144223,3.1231625224348,3.15667509596845,36950,0.00167384438816942
3.12281081081081,0.00860436074721883,3.10594626374626,3.13967535787536,37000,0.0187818427789823
3.127665317139,0.00858138922865673,3.11084579425083,3.14448484002717,37050,0.0139273364507919
3.14253369272237,0.0085223928295768,3.1258298027764,3.15923758266834,37100,0.000941039132579036
3.1428263795424,0.00851559864929701,3.12613580618977,3.15951695289502,37150,0.00123372595260252
3.15870967741935,0.00845193857551432,3.14214387781135,3.17527547702736,37200,0.0171170238295617
3.1486711409396,0.00848299461176034,3.13204447150055,3.16529781037865,37250,0.00707848734980399
3.12943699731904,0.00854631298626302,3.11268622386596,3.14618777077211,37300,0.0121556562707581
3.13606425702811,0.00851702445652961,3.11937088909331,3.15275762496291,37350,0.0055283965616808
3.13828877005348,0.00850337881251613,3.12162214758094,3.15495539252601,37400,0.00330388353631728
3.14723631508678,0.00846550975841714,3.13064391596028,3.16382871421328,37450,0.00564366149698925
3.13728,0.00849563684346265,3.12062855178681,3.15393144821319,37500,0.00431265358979305
3.13406125166445,0.00850143729913276,3.11739843455815,3.15072406877075,37550,0.00753140192534563
3.13542553191489,0.00849093518750428,3.11878329894739,3.1520677648824,37600,0.00616712167489952
3.1342363877822,0.00848951828789158,3.11759693193794,3.15087584362647,37650,0.00735626580758852
3.13368700265252,0.00848583431875292,3.11705476738776,3.15031923791728,37700,0.00790565093727302
3.14564238410596,0.0084375438624163,3.12910479813562,3.1621799700763,37750,0.0040497305161673
3.14349206349206,0.00843967999583089,3.12695029070023,3.16003383628389,37800,0.00189940990227022
3.14694848084544,0.00842169492268872,3.13044195879697,3.16345500289391,37850,0.00535582725564954
3.15588390501319,0.00838382095327396,3.13945161594478,3.17231619408161,37900,0.0142912514233995
3.1464558629776,0.00841236143310974,3.12996763456871,3.1629440913865,37950,0.00486320938780915
3.13873684210526,0.00843438826351935,3.12220544110877,3.15526824310176,38000,0.00285581148453007
3.13692509855453,0.00843526998801715,3.12039196937802,3.15345822773105,38050,0.00466755503525951
3.12997375328084,0.00845422958162383,3.11340346330086,3.14654404326082,38100,0.0116189003089531
3.14663171690695,0.00838965178254262,3.13018799941316,3.16307543440073,38150,0.00503906331715331
3.13821989528796,0.00841411098166631,3.12172823776389,3.15471155281202,38200,0.00337275830183481
3.12522875816993,0.00845419838740051,3.10865852933063,3.14179898700924,38250,0.0163638954198584
3.13044386422977,0.00843048160545272,3.11392012028308,3.14696760817645,38300,0.0111487893600279
3.14023468057366,0.00839050943534057,3.1237892820804,3.15668007906693,38350,0.0013579730161295
3.1453125,0.00836700376563559,3.12891317261935,3.16171182738065,38400,0.00371984641020706
3.12499349804941,0.0084329985771676,3.10846482083817,3.14152217526066,38450,0.0165991555403782
3.14566233766234,0.0083548847335378,3.1292867635846,3.16203791174007,38500,0.00406968407254471
3.13805447470817,0.00837641060013582,3.12163670993191,3.15447223948444,38550,0.00353817888162178
3.13720207253886,0.00837398427250732,3.12078906336475,3.15361508171297,38600,0.00439058105093304
3.14173350582147,0.00835258688528209,3.12536243552632,3.15810457611663,38650,0.000140852231681698
3.14801033591731,0.00832491399281568,3.13169350449139,3.16432716734323,38700,0.00641768232751971
3.13827096774194,0.00835400495647422,3.12189711802725,3.15464481745662,38750,0.00332168584785775
3.1359793814433,0.00835666109539517,3.11960032569632,3.15235843719027,38800,0.0056132721464941
3.13441441441441,0.00835675565979394,3.11803517332122,3.15079365550761,38850,0.00717823917537874
3.14200514138817,0.00832474592901163,3.12568863936731,3.15832164340904,38900,0.000412487798381544
3.12482670089859,0.00837927158966952,3.10840332858284,3.14125007321434,38950,0.0167659526912054
3.13333333333333,0.00834443704689715,3.11697823672141,3.14968842994525,39000,0.00825932025645981
3.15236875800256,0.00827201790958733,3.13615560289977,3.16858191310535,39050,0.0107761044127677
3.15375959079284,0.00826176415623421,3.13756653304662,3.16995264853906,39100,0.012166937203046
3.13757343550447,0.00831365750555414,3.12127866679358,3.15386820421536,39150,0.00401921808532313
3.15102040816327,0.00826097294387164,3.13482890119328,3.16721191513325,39200,0.00942775457347222
3.12743949044586,0.00833820184892743,3.11109661482196,3.14378236606976,39250,0.0141531631439333
3.12284987277354,0.00834864978678609,3.10648651919144,3.13921322635564,39300,0.0187427808162561
3.1494790343075,0.00825067545606165,3.13330771041362,3.16565035820138,39350,0.00788638071770364
3.14639593908629,0.00825632560271407,3.13021354090497,3.16257833726761,39400,0.00480328549650144
3.15031685678073,0.00823724751455994,3.1341718516522,3.16646186190927,39450,0.0087242031909418
3.14146835443038,0.00826315597879979,3.12527256871193,3.15766414014883,39500,0.000124299159413255
3.14437420986094,0.0082477559570043,3.12820860818521,3.16053981153666,39550,0.00278155627114263
3.14656565656566,0.00823485324454517,3.13042534420635,3.16270596892497,39600,0.00497300297586323
3.13815889029004,0.00825903813905954,3.12197117553748,3.15434660504259,39650,0.0034337632997552
3.15536523929471,0.00819339779034733,3.13930617962563,3.17142429896379,39700,0.0137725857049174
3.14083018867925,0.00823935406975232,3.12468105470253,3.15697932265596,39750,0.000762464910547767
3.14693467336683,0.00821284209345235,3.13083750286367,3.16303184387,39800,0.00534201977704107
3.13555834378921,0.00824728729645884,3.11939366068815,3.15172302689027,39850,0.0060343098005835
3.14887218045113,0.00819574544707312,3.13280851937486,3.16493584152739,39900,0.0072795268613346
3.13431789737171,0.00824123596041573,3.1181650748893,3.15047071985413,39950,0.0072747562180786
3.1446,0.00820044334167367,3.12852713105032,3.16067286894968,40000,0.00300734641020695
3.13208489388265,0.00823861343836658,3.11593721154345,3.14823257622185,40050,0.00950775970714623
3.13316708229426,0.0082297622458707,3.11703674829236,3.14929741629617,40100,0.00842557129552857
3.15148194271482,0.00816103388745091,3.13548631629542,3.16747756913422,40150,0.0098892891250264
3.14149253731343,0.0081908133032441,3.12543854323907,3.15754653138779,40200,0.000100116276360307
3.13162732919255,0.00821968488284561,3.11551674682217,3.14773791156292,40250,0.00996532439724662
3.1360794044665,0.00819932150365345,3.12000873431934,3.15215007461366,40300,0.00551324912329187
3.1414126394052,0.00817585102241169,3.12538797140128,3.15743730740913,40350,0.000180014184588462
3.14188118811881,0.0081691695110644,3.12586961587713,3.1578927603605,40400,0.000288534529018669
3.14857849196539,0.00814086040315741,3.1326224055752,3.16453457835558,40450,0.0069858383755963
3.14488888888889,0.00814866410637278,3.1289175072404,3.16086027053738,40500,0.00329623529909595
3.14801479654747,0.00813277915851254,3.13207454939679,3.16395504369816,40550,0.00642214295767918
3.13724137931034,0.0081649890047623,3.12123800086101,3.15324475775968,40600,0.00435127427944826
3.14952029520295,0.00811753010339328,3.1336099362003,3.1654306542056,40650,0.00792764161315906
3.14614250614251,0.00812427635123811,3.13021892449408,3.16206608779093,40700,0.00454985255271323
3.14434355828221,0.00812551509739463,3.12841754869132,3.1602695678731,40750,0.00275090469241546
3.14352941176471,0.00812334520769969,3.12760765515761,3.1594511683718,40800,0.00193675817491279
3.14986536107711,0.00809643476155418,3.13399634894447,3.16573437320976,40850,0.00827270748731834
3.13466992665037,0.00814376350637748,3.11870815017787,3.15063170312287,40900,0.0069227269394263
3.14461538461538,0.00810471097316427,3.12873015110798,3.16050061812279,40950,0.0030227310255917
3.14048780487805,0.00811395600925396,3.12458445109991,3.15639115865619,41000,0.00110484871174421
3.15361753958587,0.00806364236520358,3.13781280055007,3.16942227862167,41050,0.0120248859960776
3.1298296836983,0.00814032180392102,3.11387465296261,3.14578471443398,41100,0.0117629698914965
3.13914945321993,0.0081037298812675,3.12326614265264,3.15503276378721,41150,0.00244320036986601
3.13165048543689,0.00812428813731502,3.11572688068776,3.14757409018603,41200,0.00994216815289972
3.13900606060606,0.00809439041656764,3.12314105538959,3.15487106582253,41250,0.00258659298373232
3.1464406779661,0.00806402012815138,3.13063519851492,3.16224615741728,41300,0.00484802437630849
3.14795646916566,0.0080539233830321,3.13217077933492,3.1637421589964,41350,0.00636381557586585
3.14695652173913,0.00805250094262147,3.13117361989159,3.16273942358667,41400,0.00536386814933731
3.13283474065139,0.0080957560109592,3.11696705886991,3.14870242243287,41450,0.00875791293840589
3.14833734939759,0.00803804407662682,3.1325827830074,3.16409191578778,41500,0.00674469580779746
3.13492178098676,0.00807896132867491,3.11908701678256,3.15075654519097,41550,0.00667087260303001
3.15153846153846,0.00801734773487256,3.13582445997811,3.16725246309881,41600,0.00994580794866851
3.14929171668667,0.00802027525244486,3.13357197719188,3.16501145618147,41650,0.00769906309688162
3.14081534772182,0.00804445135851591,3.12504822305913,3.15658247238451,41700,0.000777305867970757
3.14634730538922,0.0080207632581792,3.13062660940319,3.16206800137525,41750,0.00475465179942836
3.12612440191388,0.00808425108368547,3.11027926978985,3.1419695340379,41800,0.0154682516759177
3.16645161290323,0.00794152860456924,3.15088621683827,3.18201700896818,41850,0.0248589593134327
3.14052505966587,0.0080262138960627,3.12479368042959,3.15625643890215,41900,0.00106759392392197
3.14412395709178,0.00800920264915901,3.12842591989942,3.15982199428413,41950,0.00253130350198294
3.13447619047619,0.00803706261972594,3.11872354774153,3.15022883321085,42000,0.00711646311360248
3.13265160523187,0.00803840416537621,3.11689633306773,3.148406877396,42050,0.0089410483579262
3.14308788598575,0.00799844118559047,3.12741094126199,3.15876483070951,42100,0.00149523239595517
3.13907473309609,0.00800727538755827,3.12338047333647,3.1547689928557,42150,0.00251792049370758
3.14454976303318,0.00798399738330395,3.1289011281619,3.16019839790445,42200,0.00295710944338223
3.1345798816568,0.00801290156746806,3.11887459458457,3.15028516872904,42250,0.00701277193298822
3.14326241134752,0.00797891882388243,3.12762373045271,3.15890109224233,42300,0.00166975775772471
3.15164108618654,0.00794568754837869,3.13606753859172,3.16721463378136,42350,0.0100484325967476
3.15311320754717,0.00793596115759256,3.13755872367829,3.16866769141605,42400,0.0115205539573768
3.1426148409894,0.00796699807376898,3.12699952476481,3.15823015721399,42450,0.00102218739960636
3.13844705882353,0.0079763448716757,3.12281342287505,3.15408069477201,42500,0.00314559476626375
3.1337250293772,0.00798745720288307,3.11806961325955,3.14938044549485,42550,0.00786762421258969
3.15793427230047,0.00790077582960502,3.14244875167444,3.1734197929265,42600,0.0163416187106762
3.15760844079719,0.00789726338668737,3.14212980455928,3.17308707703509,42650,0.0160157872073934
3.13882903981265,0.0079563628641031,3.123234568599,3.15442351102629,42700,0.00276361377714673
3.14301754385965,0.00793763836374914,3.1274597726667,3.1585753150526,42750,0.00142489026985615
3.13878504672897,0.00794720990443218,3.12320851531629,3.15436157814166,42800,0.00280760686082093
3.13484247374562,0.00795573013631904,3.11924924267844,3.15043570481281,42850,0.0067501798441687
3.14097902097902,0.00793059472674954,3.12543505531459,3.15652298664345,42900,0.000613632610772186
3.13890570430733,0.00793291693214409,3.12335718712033,3.15445422149434,42950,0.00268694928245905
3.14455813953488,0.00790935075867952,3.12905581204787,3.1600604670219,43000,0.0029654859450905
3.13263646922183,0.00794454447775875,3.11706516204543,3.14820777639824,43050,0.0089561843679582
3.13549883990719,0.00793044353594329,3.11995517057674,3.15104250923764,43100,0.00609381368260076
3.12639629200463,0.00795589142842057,3.11080274480493,3.14198983920434,43150,0.0151963615851582
3.14435185185185,0.00789171336247366,3.1288840936614,3.1598196100423,43200,0.00275919826205895
3.13553757225434,0.00791655092469715,3.12002113244193,3.15105401206674,43250,0.00605508133545785
3.13357967667437,0.0079184601995229,3.1180594946833,3.14909985866543,43300,0.00801297691542802
3.13162629757785,0.00792033856101573,3.11610243399826,3.14715016115745,43350,0.00996635601193852
3.13870967741935,0.00789233465623903,3.12324070149313,3.15417865334558,43400,0.00288297617043831
3.13620253164557,0.00789610879548035,3.12072615840643,3.15167890488471,43450,0.00539012194422339
3.14096551724138,0.00787575603153034,3.12552903541958,3.15640199906318,43500,0.000627136348413604
3.14039035591274,0.00787314731165831,3.12495898718189,3.15582172464359,43550,0.00120229767704894
3.15954128440367,0.00780417438545629,3.14424510260818,3.17483746619916,43600,0.0179486308138768
3.14657502863688,0.00784349447524456,3.13120177946541,3.16194827780836,43650,0.0049823750470912
3.1425171624714,0.0078525521415872,3.12712616027388,3.15790816466891,43700,0.000924508881602559
3.13819428571429,0.00786240787249932,3.12278396628419,3.15360460514438,43750,0.00339836787550718
3.15296803652968,0.00780859014563945,3.13766319984423,3.16827287321513,43800,0.011375382939887
3.14161915621437,0.00784209281134021,3.12624865430414,3.15698965812459,43850,2.6502624574043e-05
3.14879271070615,0.00781371276921716,3.13347783367848,3.16410758773382,43900,0.00720005711635707
3.14302616609784,0.00782849609842411,3.12768231374493,3.15837001845075,43950,0.00143351250804535
3.15409090909091,0.00778704368800819,3.13882830346241,3.16935351471941,44000,0.0124982555011162
3.14933030646992,0.00779859972679365,3.1340450510054,3.16461556193444,44050,0.0077376528801274
3.14312925170068,0.00781482908343594,3.12781218669715,3.15844631670421,44100,0.00153659811088724
3.13087202718007,0.00785071421344532,3.11548462732172,3.14625942703842,44150,0.010720626409725
3.14588235294118,0.00779684591238037,3.13060053495291,3.16116417092944,44200,0.00428969935138346
3.1335593220339,0.00783306516684393,3.11820651430688,3.14891212976091,44250,0.00803333155589492
3.14320541760722,0.00779691635108763,3.12792346155909,3.15848737365536,44300,0.00161276401743038
3.14913190529876,0.00777284009624337,3.13389713871012,3.1643666718874,44350,0.00753925170896697
3.14315315315315,0.00778830387292555,3.12788807756222,3.15841822874409,44400,0.00156049956336002
3.13988751406074,0.00779468893523275,3.12460992374769,3.1551651043738,44450,0.00170513952905083
3.1445393258427,0.00777496664482103,3.12930039121885,3.15977826046655,44500,0.00294667225290368
3.13885521885522,0.00778932590091802,3.12358814008942,3.15412229762102,44550,0.00273743473457433
3.14995515695067,0.00774828657032263,3.13476851527284,3.16514179862851,44600,0.00836250336087963
3.14606942889138,0.00775683762833788,3.13086602713983,3.16127283064292,44650,0.00447677530158419
3.13476510067114,0.00778961071172635,3.11949746367616,3.15003273766612,44700,0.00682755291865211
3.13832402234637,0.00777363890998129,3.12308769008281,3.15356035460993,44750,0.00326863124342447
3.14196428571429,0.00775736627191412,3.12675984782133,3.15716872360724,44800,0.000371632124492649
3.15023411371237,0.00772573553793153,3.13509167205803,3.16537655536672,44850,0.00864146012258127
3.1493986636971,0.00772420300541414,3.13425922580649,3.16453810158772,44900,0.00780601010731141
3.13753058954394,0.00775891486663668,3.12232311640533,3.15273806268255,44950,0.00406206404585552
3.13617777777778,0.00775900918256957,3.12097011977994,3.15138543577561,45000,0.00541487581201539
3.1303884572697,0.00777345997848459,3.11515247571187,3.14562443882753,45050,0.0112041963200928
3.13232815964523,0.00776288420306585,3.11711290660722,3.14754341268324,45100,0.0092644939445603
3.14471760797342,0.00771821219665785,3.12958991206797,3.15984530387887,45150,0.0031249543836287
3.15283185840708,0.00768716132607704,3.13776502220797,3.16789869460619,45200,0.0112392048172865
3.13882872928177,0.00772892840322344,3.12368002961145,3.15397742895209,45250,0.00276392430802508
3.14181015452539,0.00771494002446392,3.12668887207744,3.15693143697334,45300,0.00021750093559314
3.14240352811466,0.00770874756049997,3.12729438289608,3.15751267333324,45350,0.000810874524870719
3.13577092511013,0.00772607063945635,3.1206278266568,3.15091402356347,45400,0.00582172847966111
3.14561056105611,0.00768977210274966,3.13053860773472,3.16068251437749,45450,0.00401790746631248
3.14285714285714,0.00769455002078917,3.1277758248164,3.15793846089789,45500,0.00126448926734968
3.14256860592755,0.007691266920612,3.12749372276315,3.15764348909195,45550,0.000975952337758823
3.13149122807018,0.00772289771655408,3.11635434854573,3.14662810759462,45600,0.0101014255196175
3.14576122672508,0.00767241572181796,3.13072329191032,3.16079916153985,45650,0.00416857313528896
3.13496717724289,0.00770326241180638,3.11986878291575,3.15006557157003,45700,0.00662547634690469
3.13346448087432,0.0077038891187515,3.11836485820156,3.14856410354707,45750,0.00812817271547628
3.13379912663755,0.00769860694657253,3.11870985702227,3.14888839625284,45800,0.00779352695223867
3.12837513631407,0.00771177851381889,3.11326005042698,3.14349022220115,45850,0.0132175172757254
3.14962962962963,0.00763884082886031,3.13465750160506,3.1646017576542,45900,0.00803697603983666
3.14707290533188,0.0076430482183896,3.13209253082384,3.16205327983993,45950,0.00548025174208933
3.15286956521739,0.00761989924273718,3.13793456270163,3.16780456773316,46000,0.0112769116275984
3.14727470141151,0.0076340865966442,3.13231189168209,3.16223751114093,46050,0.00568204782171611
3.1495010845987,0.00762267319002732,3.13456064514624,3.16444152405115,46100,0.00790843100890548
3.13915492957746,0.00765214200592614,3.12415673124585,3.15415312790908,46150,0.00243772401232834
3.1387012987013,0.00764946218342073,3.12370835282179,3.1536942445808,46200,0.00289135488849457
3.1436972972973,0.00762918506101668,3.1287440945777,3.15865050001689,46250,0.00210464370750429
3.14004319654428,0.00763687415560409,3.12507492319929,3.15501146988926,46300,0.00154945704551679
3.14632146709817,0.00761243956416162,3.13140108555241,3.16124184864392,46350,0.00472881350837318
3.14663793103448,0.00760730912017175,3.13172760515895,3.16154825691002,46400,0.00504527744468986
3.13429494079656,0.00764296814407268,3.11931472323417,3.14927515835894,46450,0.00729771279323765
3.14210752688172,0.0076137826313766,3.12718451292422,3.15703054083922,46500,0.00051487329192712
3.12962406015038,0.0076496168304444,3.11463081116271,3.14461730913805,46550,0.0119685934394171
3.14188841201717,0.00760631493698627,3.12698003474067,3.15679678929366,46600,0.000295758427374171
3.13929260450161,0.00761058151125824,3.12437586473954,3.15420934426367,46650,0.00230004908818549
3.13498929336188,0.00762026952143508,3.12005356509987,3.1499250216239,46700,0.00660336022790853
3.1500320855615,0.0075677703922432,3.1351992555927,3.16486491553029,46750,0.00843943197170427
3.13504273504274,0.00761195358532789,3.12012330601549,3.14996216406998,46800,0.00654991854705811
3.14108858057631,0.00758856193046021,3.12621499919261,3.15596216196001,46850,0.000504073013485762
3.14294243070362,0.00757856167204568,3.12808844982642,3.15779641158083,46900,0.00134977711383177
3.14581469648562,0.00756527671289379,3.13098675412835,3.16064263884289,46950,0.00422204289582995
3.13625531914894,0.00759188235244158,3.12137522973815,3.15113540855972,47000,0.00533733444085716
3.14890541976621,0.00754725296659673,3.13411280395168,3.16369803558074,47050,0.00731276617641319
3.13978768577495,0.0075725563720288,3.12494547528577,3.15462989626412,47100,0.0018049678148464
3.13399787910923,0.00758696321463805,3.11912743120854,3.14886832700992,47150,0.00759477448056733
3.13822033898305,0.00756952864988755,3.12338406282927,3.15305661513683,47200,0.00337231460674214
3.14209523809524,0.00755315340028639,3.12729105743068,3.1568994187598,47250,0.000502584505444936
3.13243128964059,0.00757987679484366,3.1175747311227,3.14728784815849,47300,0.0091613639492012
3.14855332629356,0.00752444135266492,3.13380542124234,3.16330123134478,47350,0.00696067270376544
3.13932489451477,0.00755002834087915,3.12452683896664,3.15412295006289,47400,0.0022677590750253
3.14840885142255,0.00751697357151846,3.13367558322237,3.16314211962273,47450,0.006816197832757
3.13751578947368,0.00754782342790997,3.12272205555498,3.15230952339239,47500,0.00407686411610886
3.14725552050473,0.00751277183921664,3.13253048769987,3.1619805533096,47550,0.00566286691493856
3.15176470588235,0.00749430885232441,3.1370758605318,3.16645355123291,47600,0.0101720522925599
3.14274921301154,0.00751929903991442,3.12801138689331,3.15748703912977,47650,0.0011565594217493
3.1243605870021,0.00757328039222724,3.10951695743333,3.13920421657086,47700,0.0172320665876966
3.13273298429319,0.00754312694516498,3.11794845548067,3.14751751310572,47750,0.0088596692965992
3.14694560669456,0.00749409219939091,3.13225718598375,3.16163402740537,47800,0.00535295310476736
3.13931034482759,0.00751448887932015,3.12458194662412,3.15403874303105,47850,0.00228230876220703
3.14680584551148,0.00748671245027929,3.13213188910893,3.16147980191403,47900,0.00521319192168912
3.14711157455683,0.0074818306653282,3.13244718645279,3.16177596266087,47950,0.00551892096703677
3.14016666666667,0.00750002773914623,3.12546661229794,3.15486672103539,48000,0.00142598692312657
3.1444745057232,0.00748244995651218,3.12980890380844,3.15914010763797,48050,0.00288185213341174
3.13879417879418,0.00749656583656019,3.12410090975452,3.15348744783384,48100,0.00279847479561424
3.14417445482866,0.00747562993510489,3.12952222015586,3.15882668950147,48150,0.00258180123886742
3.1344398340249,0.00750248404641786,3.11973496529392,3.14914470275588,48200,0.00715281956489688
3.14072538860104,0.00747880679269816,3.12606692728735,3.15538384991472,48250,0.000867264988756666
3.14178053830228,0.00747159867754036,3.1271362048943,3.15642487171026,48300,0.000187884712484099
3.13654601861427,0.0074842311271826,3.12187692560499,3.15121511162355,48350,0.00504663497552205
3.14826446280992,0.00744329628426605,3.13367560209276,3.16285332352708,48400,0.00667180922012411
3.12264189886481,0.00751973690188322,3.10790321453712,3.1373805831925,48450,0.0189507547249841
3.13921649484536,0.00746425955321614,3.12458654612106,3.15384644356966,48500,0.0023761587444322
3.13911431513903,0.00746073632766112,3.12449127193682,3.15373735834125,48550,0.00247833845076117
3.14148148148148,0.00744944556645865,3.12688056817122,3.15608239479174,48600,0.000111172108311575
3.12781089414183,0.00748831578666129,3.11313379519997,3.14248799308369,48650,0.0137817594479639
3.13158110882957,0.0074727763191891,3.11693446724396,3.14622775041518,48700,0.0100115447602245
3.14830769230769,0.00741639133173095,3.1337715652975,3.16284381931789,48750,0.00671503871789936
3.13672131147541,0.00744909591284766,3.12212108348623,3.15132153946459,48800,0.00487134211438311
3.1496417604913,0.00740456002483615,3.13512882284262,3.16415469813998,48850,0.00804910690150695
3.13554192229039,0.00744515673084534,3.12094941509793,3.15013442948285,48900,0.0060507312994047
3.15611848825332,0.00737634188705391,3.14166085815469,3.17057611835195,48950,0.0145258346635266
3.13657142857143,0.00743434581582588,3.12200011077241,3.15114274637045,49000,0.00502122501836455
3.13435270132518,0.00743746466972997,3.11977527057251,3.14893013207785,49050,0.00723995226461494
3.14338085539715,0.00740545323854349,3.1288661670496,3.15789554374469,49100,0.00178820180735562
3.13017293997965,0.00744284307481847,3.11558496755301,3.1447609124063,49150,0.011419713610139
3.13382113821138,0.0074277681962304,3.11926271254677,3.14837956387599,49200,0.00777151537841103
3.14160406091371,0.00739973955928761,3.1271005713775,3.15610755044991,49250,1.14073239125823e-05
3.14709939148073,0.00737871917576059,3.13263710189624,3.16156168106522,49300,0.00550673789093725
3.14366767983789,0.00738577212965919,3.12919156646376,3.15814379321202,49350,0.0020750262480993
3.13748987854251,0.00740133040920219,3.12298327094047,3.15199648614455,49400,0.00410277504728285
3.14960566228514,0.00735961546293171,3.13518081597779,3.16403050859248,49450,0.0080130086953436
3.13664646464646,0.00739647037636318,3.12214938270879,3.15114354658414,49500,0.00494618894332843
3.14486377396569,0.00736710300192617,3.13042425208192,3.15930329584947,49550,0.00327112037589794
3.13604838709677,0.00739086465075519,3.12156229238129,3.15053448181225,49600,0.00554426649301876
3.14497482376636,0.00735933226991667,3.13055053251733,3.1593991150154,49650,0.00338217017657128
3.14816901408451,0.00734560451810076,3.13377162922903,3.16256639893998,49700,0.006576360494714
3.13463316582915,0.00738408934515944,3.12016035071263,3.14910598094566,49750,0.00695948776064759
3.1433734939759,0.00735324567475342,3.12896113245339,3.15778585549842,49800,0.00178084038611059
3.14278836509529,0.00735138242255324,3.12837965554708,3.15719707464349,49850,0.0011957115054928
3.14148296593186,0.00735176370873044,3.12707350906275,3.15589242280098,49900,0.000109687657929403
3.14626626626627,0.00733316085904192,3.13189327098254,3.16063926154999,49950,0.00467361267647304
3.15928,0.00728844274396115,3.14499465222184,3.17356534777816,50000,0.0176873464102068
